{
"type": "FeatureCollection",
"name": "karachi_only",
"crs": { "type": "name", "properties": { "name": "urn:ogc:def:crs:OGC:1.3:CRS84" } },
"features": [
{ "type": "Feature", "properties": { "adm2_name": "Central Karachi", "adm2_name1": null, "adm2_name2": null, "adm2_name3": null, "adm2_pcode": "PK702", "adm1_name": "Sindh", "adm1_name1": null, "adm1_name2": null, "adm1_name3": null, "adm1_pcode": "PK7", "adm0_name": "Pakistan", "adm0_name1": null, "adm0_name2": null, "adm0_name3": null, "adm0_pcode": "PK", "valid_on": "2022-09-09T00:00:00", "valid_to": null, "area_sqkm": 65.14430682, "version": "v01", "lang": "en", "lang1": null, "lang2": null, "lang3": null, "adm2_ref_name": "Central Karachi", "center_lat": 24.94788264, "center_lon": 67.06042308000001 }, "geometry": { "type": "Polygon", "coordinates": [ [ [ 67.090984896000066, 25.002394669000125 ], [ 67.091129212000112, 25.004097257000183 ], [ 67.091386168000042, 25.005059700000118 ], [ 67.091821013000072, 25.00773102900007 ], [ 67.092027763000146, 25.009013293000123 ], [ 67.087568077000071, 25.008664996000164 ], [ 67.087122016000194, 25.008630159000063 ], [ 67.083232235000139, 25.008294817000035 ], [ 67.081935629000156, 25.008183036000105 ], [ 67.079861591000167, 25.008096108000188 ], [ 67.0771653380001, 25.007983102000082 ], [ 67.071145582000099, 25.007804905000171 ], [ 67.06980426400014, 25.007765789000132 ], [ 67.069360389999986, 25.007742605000146 ], [ 67.06581012900017, 25.007557169999984 ], [ 67.063246764000098, 25.007408044000101 ], [ 67.060723159000077, 25.007268956000132 ], [ 67.059461388000045, 25.00719941400007 ], [ 67.058210017000135, 25.007073244000082 ], [ 67.05591438800019, 25.006841786000109 ], [ 67.05414683000015, 25.006760511999971 ], [ 67.053321136000193, 25.006722546000049 ], [ 67.052228860000071, 25.006597207000084 ], [ 67.051503018000062, 25.006513916000188 ], [ 67.050251016, 25.006335043000036 ], [ 67.048611770000093, 25.005977287000121 ], [ 67.047836727, 25.005711889000168 ], [ 67.046435766000172, 25.00523215700008 ], [ 67.044707014000153, 25.004755289000059 ], [ 67.042642639000121, 25.004141067000035 ], [ 67.040712879000182, 25.003622668000048 ], [ 67.040087013000061, 25.003264911000031 ], [ 67.039788889000079, 25.002907284 ], [ 67.039863581000077, 25.002285514000107 ], [ 67.040487729000176, 25.002291846999981 ], [ 67.04107035200019, 25.002099743000088 ], [ 67.041513143000145, 25.001928417000101 ], [ 67.042286248000039, 25.001838512000063 ], [ 67.043902639000123, 25.001650538000149 ], [ 67.045065593000061, 25.00151375400003 ], [ 67.045501016000117, 25.001462541000137 ], [ 67.04593136900013, 25.001388539000061 ], [ 67.046348737000187, 25.001269284000045 ], [ 67.04773726600007, 25.00087253900017 ], [ 67.048187617999986, 25.000402681000025 ], [ 67.049015643000018, 24.99953879200001 ], [ 67.050349260000189, 24.997649287000115 ], [ 67.050652547000141, 24.996368612000083 ], [ 67.050759898000194, 24.995915310000044 ], [ 67.050859642000091, 24.995449256000029 ], [ 67.051104174000102, 24.993346314000121 ], [ 67.051082731000179, 24.992412861999981 ], [ 67.051049512000191, 24.991864583 ], [ 67.050983073000111, 24.991109847000075 ], [ 67.050883667000051, 24.990497006999988 ], [ 67.050682638000012, 24.98925766300016 ], [ 67.049404519000063, 24.986367918000042 ], [ 67.04879274700005, 24.985424693000084 ], [ 67.04807076100019, 24.984311542000057 ], [ 67.047181507000175, 24.982310911000184 ], [ 67.046681399000192, 24.980532661000154 ], [ 67.046533740000143, 24.979548421000061 ], [ 67.046347880000042, 24.97830954300008 ], [ 67.045903388, 24.976031044000081 ], [ 67.045292013000164, 24.973752545000139 ], [ 67.045059778000052, 24.973009571000091 ], [ 67.044736137000143, 24.971974166000166 ], [ 67.044347260000052, 24.97052904700007 ], [ 67.044180507000192, 24.968639659000019 ], [ 67.044159825000065, 24.967084756000077 ], [ 67.044172392000121, 24.965496778000158 ], [ 67.044172392000121, 24.963368707000029 ], [ 67.044172392000121, 24.962399167000058 ], [ 67.043831227000055, 24.961110391000034 ], [ 67.04349239000004, 24.959830410999984 ], [ 67.043097051000075, 24.959006787000078 ], [ 67.042487110000138, 24.957736077000106 ], [ 67.041770323000094, 24.956242764000081 ], [ 67.04031927, 24.953861915000175 ], [ 67.039505013000053, 24.952953720999972 ], [ 67.038354891000097, 24.951670915000079 ], [ 67.037097345000177, 24.949994163000042 ], [ 67.036768383000094, 24.949555541 ], [ 67.036207087000037, 24.948886306000134 ], [ 67.035645867000142, 24.948217160000013 ], [ 67.035084727000083, 24.947548111000174 ], [ 67.034804015000134, 24.947213417 ], [ 67.034501746000046, 24.946885935000125 ], [ 67.033595614000035, 24.945904218000123 ], [ 67.032990888000086, 24.94524904900004 ], [ 67.031695779000131, 24.94404035600013 ], [ 67.030724261000046, 24.94313366300014 ], [ 67.028307828000038, 24.940953106000109 ], [ 67.02726135100005, 24.939971069000137 ], [ 67.02532934400017, 24.938208552000049 ], [ 67.024553814000114, 24.937142674000143 ], [ 67.024012890000165, 24.936305036000135 ], [ 67.021795515000065, 24.934484663000035 ], [ 67.020839193000029, 24.933971633000056 ], [ 67.019925901000136, 24.933482116000164 ], [ 67.018247342000052, 24.932279957000048 ], [ 67.017473702000188, 24.931719626000131 ], [ 67.013979637000148, 24.929108165000173 ], [ 67.012994625000033, 24.928402171000187 ], [ 67.011286520000169, 24.927177911000172 ], [ 67.013645389000033, 24.924850408000054 ], [ 67.015594650000139, 24.924823042000071 ], [ 67.016396517000146, 24.924811785000145 ], [ 67.018245133000107, 24.924411036000095 ], [ 67.017945994000172, 24.922861012000112 ], [ 67.017805021000129, 24.922130541000172 ], [ 67.017880635000154, 24.918277419000049 ], [ 67.017880636000086, 24.917120793000095 ], [ 67.017880635000154, 24.915633037000077 ], [ 67.017880635000154, 24.91223341400007 ], [ 67.017880635000154, 24.911347141000192 ], [ 67.017880635000154, 24.909589161000042 ], [ 67.018014677000053, 24.90924450600005 ], [ 67.018409514000155, 24.908229286000051 ], [ 67.019240640000191, 24.906944908000185 ], [ 67.01984316100004, 24.906262045000119 ], [ 67.020373894000159, 24.905660542000135 ], [ 67.02143164000006, 24.90399842100004 ], [ 67.02143164000006, 24.902260919000128 ], [ 67.021356013000116, 24.900523042000145 ], [ 67.020978140000068, 24.898634289000086 ], [ 67.020510610000088, 24.897097842999983 ], [ 67.020071518000179, 24.895612292000067 ], [ 67.02029826800009, 24.8944790380001 ], [ 67.020978140000068, 24.893496660000039 ], [ 67.021949230000075, 24.89259058 ], [ 67.024075881000101, 24.890928162000137 ], [ 67.025511135000045, 24.889568170000018 ], [ 67.026266893000013, 24.887981663000119 ], [ 67.026340282000149, 24.886989221000078 ], [ 67.026552910000134, 24.88711779199997 ], [ 67.026873238000178, 24.88731148700009 ], [ 67.027483061000112, 24.887680230000171 ], [ 67.027592249000065, 24.887746254000092 ], [ 67.028037392000044, 24.888022541000169 ], [ 67.028667843000107, 24.888232701000106 ], [ 67.030938633000062, 24.888989664000121 ], [ 67.03225607700017, 24.889529994999975 ], [ 67.032686977000083, 24.889706720000163 ], [ 67.034323519000168, 24.890225414000042 ], [ 67.035989140000197, 24.891031291000047 ], [ 67.037332386000173, 24.89167604 ], [ 67.038621649000163, 24.891783538000027 ], [ 67.040018515000099, 24.891837039999984 ], [ 67.040505915000097, 24.891837039999984 ], [ 67.04114675500017, 24.891837039999984 ], [ 67.042973517000178, 24.891998415000103 ], [ 67.044585518000019, 24.892213292000065 ], [ 67.046304641000063, 24.892858041000011 ], [ 67.047107968000034, 24.893350387000055 ], [ 67.047970133000035, 24.893878795000091 ], [ 67.050280386000168, 24.894953416000135 ], [ 67.051956052000037, 24.895554882000113 ], [ 67.052375761000064, 24.895705533000068 ], [ 67.054315098000188, 24.89642163100018 ], [ 67.055868014000112, 24.896995043 ], [ 67.057591363000142, 24.897390581000082 ], [ 67.058619647000114, 24.897601920000056 ], [ 67.059570649000136, 24.898195016999978 ], [ 67.060154309000097, 24.898707586000057 ], [ 67.060457710000037, 24.899015008000106 ], [ 67.060768008000139, 24.899439415000131 ], [ 67.061396610000088, 24.900342618000138 ], [ 67.061780267000131, 24.901101208000057 ], [ 67.061999068000034, 24.90157446000012 ], [ 67.062282518000075, 24.902625093000097 ], [ 67.062629647000108, 24.90319617199998 ], [ 67.062900931000172, 24.903751070000055 ], [ 67.063360647000195, 24.904691396000089 ], [ 67.063797561000058, 24.905539466000107 ], [ 67.064741673000015, 24.906878883000161 ], [ 67.065123023000126, 24.90752691300014 ], [ 67.065360948000034, 24.907897075 ], [ 67.06570150500005, 24.908426912999971 ], [ 67.066408634000197, 24.909166171000038 ], [ 67.067115645000172, 24.909519653000132 ], [ 67.067983515000037, 24.909873159000085 ], [ 67.069170941000039, 24.910141325999973 ], [ 67.069976137000083, 24.91032317000014 ], [ 67.070783735000077, 24.910476966000033 ], [ 67.072107901000038, 24.910714080000105 ], [ 67.072920976000091, 24.91080095 ], [ 67.075046266000072, 24.911438528000019 ], [ 67.07668389100013, 24.912257288000092 ], [ 67.077758512000116, 24.91322954300017 ], [ 67.078679638000153, 24.914969416000133 ], [ 67.079037887000197, 24.916658172000098 ], [ 67.079037887000197, 24.918346798000186 ], [ 67.078970066000181, 24.918804500000192 ], [ 67.078833145000146, 24.919728538000072 ], [ 67.079037887000197, 24.921212668000123 ], [ 67.079651881000018, 24.922594292000042 ], [ 67.08062426500004, 24.923413040000128 ], [ 67.081042335000177, 24.923681798000189 ], [ 67.082057136000174, 24.924334165000062 ], [ 67.082947112999989, 24.925087260000112 ], [ 67.083387641000058, 24.925460033000149 ], [ 67.084308767000039, 24.926022920000094 ], [ 67.085843897000075, 24.926841786000125 ], [ 67.086406683000064, 24.927114640000184 ], [ 67.087532640000063, 24.92766053400004 ], [ 67.088863134, 24.928735166000138 ], [ 67.089426021000179, 24.930014541000048 ], [ 67.090244886000164, 24.932112665000091 ], [ 67.090704944000038, 24.933441704000188 ], [ 67.091166012000144, 24.934773663000158 ], [ 67.091173033000132, 24.936138363999987 ], [ 67.091183199000056, 24.936753926000108 ], [ 67.091005939000127, 24.938003699000092 ], [ 67.090819388000057, 24.939163661000123 ], [ 67.090102136000041, 24.940984539000169 ], [ 67.088391762000128, 24.943191545000161 ], [ 67.087170290000131, 24.94468875400014 ], [ 67.086681270000156, 24.945288165000079 ], [ 67.085632895000174, 24.947274529000083 ], [ 67.085246638000115, 24.948819406000098 ], [ 67.085328676000131, 24.950187082000127 ], [ 67.085577632000138, 24.952129921000051 ], [ 67.085853644000053, 24.95439203900014 ], [ 67.085972398000138, 24.956094658000097 ], [ 67.086019129000192, 24.956764658999987 ], [ 67.086287529000174, 24.957905674000187 ], [ 67.086460392000163, 24.958640542000069 ], [ 67.087288147000038, 24.960130286000037 ], [ 67.087603479000165, 24.960504014000037 ], [ 67.088777890000074, 24.961895912000102 ], [ 67.090093118000198, 24.963851332000047 ], [ 67.090439692000075, 24.964264022000123 ], [ 67.090984896000066, 24.965040918000057 ], [ 67.091591879000134, 24.966696041000148 ], [ 67.091647013000056, 24.968406662 ], [ 67.09146152500017, 24.970107261000123 ], [ 67.091316019000033, 24.971441294000101 ], [ 67.091284410000185, 24.973050848000071 ], [ 67.091260756000167, 24.974255295000148 ], [ 67.09130329900006, 24.976124160000154 ], [ 67.091316020000136, 24.976682921000133 ], [ 67.091702148000081, 24.978889915000138 ], [ 67.091929842000127, 24.979485263000186 ], [ 67.092419634000123, 24.980765916000166 ], [ 67.092143645000135, 24.982752162 ], [ 67.09169963800008, 24.98408424500019 ], [ 67.091316019000033, 24.985235157000034 ], [ 67.091095271000086, 24.986614549000137 ], [ 67.091095271000086, 24.987662783000189 ], [ 67.09178374600009, 24.988796789000048 ], [ 67.092033271000048, 24.989207789000091 ], [ 67.0926401480001, 24.990863041000125 ], [ 67.092860897000151, 24.993014925000182 ], [ 67.092659427000171, 24.994626635000088 ], [ 67.092585014000122, 24.99522191900013 ], [ 67.092449214999988, 24.995806906000155 ], [ 67.092049006000195, 24.997530909999966 ], [ 67.091867762000106, 24.998311662999981 ], [ 67.091693529000167, 24.998764608999977 ], [ 67.091040007000117, 25.000463546000162 ], [ 67.090984896000066, 25.002394669000125 ] ] ] } },
{ "type": "Feature", "properties": { "adm2_name": "East Karachi", "adm2_name1": null, "adm2_name2": null, "adm2_name3": null, "adm2_pcode": "PK704", "adm1_name": "Sindh", "adm1_name1": null, "adm1_name2": null, "adm1_name3": null, "adm1_pcode": "PK7", "adm0_name": "Pakistan", "adm0_name1": null, "adm0_name2": null, "adm0_name3": null, "adm0_pcode": "PK", "valid_on": "2022-09-09T00:00:00", "valid_to": null, "area_sqkm": 202.92209824, "version": "v01", "lang": "en", "lang1": null, "lang2": null, "lang3": null, "adm2_ref_name": "East Karachi", "center_lat": 24.93169635, "center_lon": 67.16310677 }, "geometry": { "type": "Polygon", "coordinates": [ [ [ 67.155693967000104, 25.010679109000137 ], [ 67.154915349000191, 25.010808840000095 ], [ 67.154395764000071, 25.010895411999968 ], [ 67.153833588000111, 25.011004498000148 ], [ 67.152398761000143, 25.011282914000049 ], [ 67.149398987999973, 25.011532051000188 ], [ 67.146824884000182, 25.011670404000142 ], [ 67.145590958000071, 25.011741953000126 ], [ 67.142711638000037, 25.011908909000056 ], [ 67.141459720000171, 25.011946159000161 ], [ 67.137704018000136, 25.012057907000155 ], [ 67.136087853000049, 25.0121241330001 ], [ 67.134067641000058, 25.012206916000139 ], [ 67.132813899000041, 25.01228461900007 ], [ 67.130699514000185, 25.01241566300007 ], [ 67.129431259000114, 25.012448153000093 ], [ 67.126049509000097, 25.012534787000163 ], [ 67.125501043000043, 25.012559912000029 ], [ 67.12518179000017, 25.012574537000091 ], [ 67.122339127000089, 25.012704761 ], [ 67.120673532000183, 25.012789901000133 ], [ 67.120482513000127, 25.012799666000149 ], [ 67.119790134000084, 25.012802918999967 ], [ 67.117435516000171, 25.012654039000097 ], [ 67.115558139000143, 25.012455611 ], [ 67.113769263000108, 25.012266536000084 ], [ 67.111583257000063, 25.012067874000024 ], [ 67.111146266000048, 25.012028160999989 ], [ 67.110707619000095, 25.011968483000032 ], [ 67.109393426000167, 25.011789686999975 ], [ 67.108517364000136, 25.011670499000047 ], [ 67.106764641000154, 25.011432041000035 ], [ 67.10512193500017, 25.01106108800019 ], [ 67.103068643000086, 25.010597416 ], [ 67.101757332000034, 25.010314270000038 ], [ 67.100445634000039, 25.010031041000161 ], [ 67.098359353000149, 25.009733038999968 ], [ 67.097524523000175, 25.009613793000085 ], [ 67.096674098000051, 25.009516272000099 ], [ 67.094066861000101, 25.009217291000141 ], [ 67.092844891000084, 25.009077164000189 ], [ 67.092027763000146, 25.009013293000123 ], [ 67.091821013000072, 25.00773102900007 ], [ 67.091386168000042, 25.005059700000118 ], [ 67.091129212000112, 25.004097257000183 ], [ 67.090984896000066, 25.002394669000125 ], [ 67.091040007000117, 25.000463546000162 ], [ 67.091693529000167, 24.998764608999977 ], [ 67.091867762000106, 24.998311662999981 ], [ 67.092049006000195, 24.997530909999966 ], [ 67.092449214999988, 24.995806906000155 ], [ 67.092585014000122, 24.99522191900013 ], [ 67.092659427000171, 24.994626635000088 ], [ 67.092860897000151, 24.993014925000182 ], [ 67.0926401480001, 24.990863041000125 ], [ 67.092033271000048, 24.989207789000091 ], [ 67.09178374600009, 24.988796789000048 ], [ 67.091095271000086, 24.987662783000189 ], [ 67.091095271000086, 24.986614549000137 ], [ 67.091316019000033, 24.985235157000034 ], [ 67.09169963800008, 24.98408424500019 ], [ 67.092143645000135, 24.982752162 ], [ 67.092419634000123, 24.980765916000166 ], [ 67.091929842000127, 24.979485263000186 ], [ 67.091702148000081, 24.978889915000138 ], [ 67.091316020000136, 24.976682921000133 ], [ 67.09130329900006, 24.976124160000154 ], [ 67.091260756000167, 24.974255295000148 ], [ 67.091284410000185, 24.973050848000071 ], [ 67.091316019000033, 24.971441294000101 ], [ 67.09146152500017, 24.970107261000123 ], [ 67.091647013000056, 24.968406662 ], [ 67.091591879000134, 24.966696041000148 ], [ 67.090984896000066, 24.965040918000057 ], [ 67.090439692000075, 24.964264022000123 ], [ 67.090093118000198, 24.963851332000047 ], [ 67.088777890000074, 24.961895912000102 ], [ 67.087603479000165, 24.960504014000037 ], [ 67.087288147000038, 24.960130286000037 ], [ 67.086460392000163, 24.958640542000069 ], [ 67.086287529000174, 24.957905674000187 ], [ 67.086019129000192, 24.956764658999987 ], [ 67.085972398000138, 24.956094658000097 ], [ 67.085853644000053, 24.95439203900014 ], [ 67.085577632000138, 24.952129921000051 ], [ 67.085328676000131, 24.950187082000127 ], [ 67.085246638000115, 24.948819406000098 ], [ 67.085632895000174, 24.947274529000083 ], [ 67.086681270000156, 24.945288165000079 ], [ 67.087170290000131, 24.94468875400014 ], [ 67.088391762000128, 24.943191545000161 ], [ 67.090102136000041, 24.940984539000169 ], [ 67.090819388000057, 24.939163661000123 ], [ 67.091005939000127, 24.938003699000092 ], [ 67.091183199000056, 24.936753926000108 ], [ 67.091173033000132, 24.936138363999987 ], [ 67.091166012000144, 24.934773663000158 ], [ 67.090704944000038, 24.933441704000188 ], [ 67.090244886000164, 24.932112665000091 ], [ 67.089426021000179, 24.930014541000048 ], [ 67.088863134, 24.928735166000138 ], [ 67.087532640000063, 24.92766053400004 ], [ 67.086406683000064, 24.927114640000184 ], [ 67.085843897000075, 24.926841786000125 ], [ 67.084308767000039, 24.926022920000094 ], [ 67.083387641000058, 24.925460033000149 ], [ 67.082947112999989, 24.925087260000112 ], [ 67.082057136000174, 24.924334165000062 ], [ 67.081042335000177, 24.923681798000189 ], [ 67.08062426500004, 24.923413040000128 ], [ 67.079651881000018, 24.922594292000042 ], [ 67.079037887000197, 24.921212668000123 ], [ 67.078833145000146, 24.919728538000072 ], [ 67.078970066000181, 24.918804500000192 ], [ 67.079037887000197, 24.918346798000186 ], [ 67.079037887000197, 24.916658172000098 ], [ 67.078679638000153, 24.914969416000133 ], [ 67.077758512000116, 24.91322954300017 ], [ 67.07668389100013, 24.912257288000092 ], [ 67.075046266000072, 24.911438528000019 ], [ 67.072920976000091, 24.91080095 ], [ 67.072107901000038, 24.910714080000105 ], [ 67.070783735000077, 24.910476966000033 ], [ 67.069976137000083, 24.91032317000014 ], [ 67.069170941000039, 24.910141325999973 ], [ 67.067983515000037, 24.909873159000085 ], [ 67.067115645000172, 24.909519653000132 ], [ 67.066408634000197, 24.909166171000038 ], [ 67.06570150500005, 24.908426912999971 ], [ 67.065360948000034, 24.907897075 ], [ 67.065123023000126, 24.90752691300014 ], [ 67.064741673000015, 24.906878883000161 ], [ 67.063797561000058, 24.905539466000107 ], [ 67.063360647000195, 24.904691396000089 ], [ 67.062900931000172, 24.903751070000055 ], [ 67.062629647000108, 24.90319617199998 ], [ 67.062282518000075, 24.902625093000097 ], [ 67.061999068000034, 24.90157446000012 ], [ 67.061780267000131, 24.901101208000057 ], [ 67.061396610000088, 24.900342618000138 ], [ 67.060768008000139, 24.899439415000131 ], [ 67.060457710000037, 24.899015008000106 ], [ 67.060154309000097, 24.898707586000057 ], [ 67.059570649000136, 24.898195016999978 ], [ 67.058619647000114, 24.897601920000056 ], [ 67.057591363000142, 24.897390581000082 ], [ 67.055868014000112, 24.896995043 ], [ 67.054315098000188, 24.89642163100018 ], [ 67.052375761000064, 24.895705533000068 ], [ 67.051956052000037, 24.895554882000113 ], [ 67.050280386000168, 24.894953416000135 ], [ 67.047970133000035, 24.893878795000091 ], [ 67.047107968000034, 24.893350387000055 ], [ 67.046304641000063, 24.892858041000011 ], [ 67.044585518000019, 24.892213292000065 ], [ 67.042973517000178, 24.891998415000103 ], [ 67.04114675500017, 24.891837039999984 ], [ 67.040505915000097, 24.891837039999984 ], [ 67.040018515000099, 24.891837039999984 ], [ 67.038621649000163, 24.891783538000027 ], [ 67.037332386000173, 24.89167604 ], [ 67.035989140000197, 24.891031291000047 ], [ 67.034323519000168, 24.890225414000042 ], [ 67.032686977000083, 24.889706720000163 ], [ 67.03225607700017, 24.889529994999975 ], [ 67.030938633000062, 24.888989664000121 ], [ 67.028667843000107, 24.888232701000106 ], [ 67.028037392000044, 24.888022541000169 ], [ 67.027592249000065, 24.887746254000092 ], [ 67.027483061000112, 24.887680230000171 ], [ 67.026873238000178, 24.88731148700009 ], [ 67.026552910000134, 24.88711779199997 ], [ 67.026340282000149, 24.886989221000078 ], [ 67.025393065, 24.886170334000099 ], [ 67.025028771000109, 24.885873534000041 ], [ 67.024496252000176, 24.885361271000022 ], [ 67.023409924000191, 24.884313387000191 ], [ 67.02299908800012, 24.883849772000133 ], [ 67.021802440000044, 24.882433008000135 ], [ 67.022015265000164, 24.882037781 ], [ 67.022314600000129, 24.881447927000067 ], [ 67.023131762000048, 24.879837668000164 ], [ 67.023549373000094, 24.879024362 ], [ 67.023755632000189, 24.878622669000094 ], [ 67.023707251000189, 24.877701465000087 ], [ 67.023361647000172, 24.876750907000087 ], [ 67.022869019999973, 24.87560165900004 ], [ 67.023021614000186, 24.875083034000056 ], [ 67.02326153600012, 24.874408254000173 ], [ 67.023788513000113, 24.872941916000173 ], [ 67.024281012000131, 24.873138909000033 ], [ 67.024691400000165, 24.873299080000038 ], [ 67.025627135000036, 24.8736642880001 ], [ 67.026320091000173, 24.872836906000032 ], [ 67.026678140000058, 24.872121043 ], [ 67.028352768000047, 24.872843413999988 ], [ 67.028957025000011, 24.873151477000192 ], [ 67.03002738400005, 24.873697169000025 ], [ 67.030831888000193, 24.873812106000059 ], [ 67.030995050000172, 24.87311151199998 ], [ 67.030717016000096, 24.872580660000096 ], [ 67.030717016000096, 24.872153783000044 ], [ 67.031282516000147, 24.871546421000062 ], [ 67.031603628000084, 24.871201538000037 ], [ 67.032339114000195, 24.870414754000137 ], [ 67.032131189000097, 24.869747684 ], [ 67.031667382000194, 24.868878662000043 ], [ 67.031446974000062, 24.868300106000163 ], [ 67.032223516000045, 24.867478296 ], [ 67.035196391000056, 24.864372794000076 ], [ 67.037215748999984, 24.862129070000094 ], [ 67.037735211000154, 24.861647322000181 ], [ 67.038536308000118, 24.860953832000177 ], [ 67.039124775000062, 24.860444410000127 ], [ 67.040345763000175, 24.859568413000034 ], [ 67.042031467000186, 24.859236395000096 ], [ 67.044619151000063, 24.858798787000126 ], [ 67.046769145000155, 24.858135155000127 ], [ 67.048459682000157, 24.857213053 ], [ 67.048837770000148, 24.857006825000042 ], [ 67.04941159700013, 24.856699303000141 ], [ 67.049848142000087, 24.856622278000088 ], [ 67.05111245500018, 24.857080618000168 ], [ 67.051971513000183, 24.857392045000097 ], [ 67.052980266000077, 24.857498169000166 ], [ 67.053431382000099, 24.856569164000121 ], [ 67.054151132000129, 24.854075867000176 ], [ 67.054599256000074, 24.852481542000135 ], [ 67.057469306000087, 24.853373113000089 ], [ 67.060491467000077, 24.854470755000136 ], [ 67.062907256000074, 24.855348164000191 ], [ 67.064216792000025, 24.853318340000101 ], [ 67.064499881000131, 24.852879542000039 ], [ 67.065827016000071, 24.851048037000112 ], [ 67.067313389, 24.851846539000064 ], [ 67.06848135600012, 24.852535017000037 ], [ 67.075767778000113, 24.856569484000147 ], [ 67.077713266000103, 24.857608919000086 ], [ 67.077023019000137, 24.859109654000179 ], [ 67.076841882000167, 24.85956544600009 ], [ 67.076311514000167, 24.860656786000106 ], [ 67.077458113000091, 24.861252241000102 ], [ 67.078196469000034, 24.861635687000046 ], [ 67.082496015000174, 24.863868540000112 ], [ 67.083898427, 24.864628716000141 ], [ 67.085336144000053, 24.865408028000161 ], [ 67.085767261000115, 24.864827408000053 ], [ 67.086185590000184, 24.864264224000181 ], [ 67.090024302000188, 24.859090518000016 ], [ 67.092949887000032, 24.860475412000028 ], [ 67.093556530000058, 24.860741998000094 ], [ 67.095353768000052, 24.861531783000146 ], [ 67.097529243000054, 24.862907445000076 ], [ 67.098237265000193, 24.863355163 ], [ 67.100973139000075, 24.864242291000039 ], [ 67.102595820000147, 24.863802511000074 ], [ 67.103779422000173, 24.863481730999979 ], [ 67.104399512000157, 24.86331367400004 ], [ 67.106542520000176, 24.863343253000096 ], [ 67.107822257000123, 24.863360917000136 ], [ 67.110308764000024, 24.86321442000019 ], [ 67.111009298000113, 24.863150131999987 ], [ 67.112467764000144, 24.863016289000029 ], [ 67.114787141000136, 24.863524406000067 ], [ 67.115885127000013, 24.864189873000157 ], [ 67.117367264000166, 24.865088166000135 ], [ 67.117356569000094, 24.866047821000052 ], [ 67.117629000000193, 24.866695 ], [ 67.11796, 24.867038 ], [ 67.118365736000044, 24.86731058800018 ], [ 67.119571744000154, 24.867907176000131 ], [ 67.120301042000108, 24.868332115000044 ], [ 67.120953, 24.868727000000149 ], [ 67.121609292000187, 24.86898211099998 ], [ 67.122867000000156, 24.869471 ], [ 67.123650583000028, 24.869992496 ], [ 67.124674969000068, 24.87067425500004 ], [ 67.125777047000099, 24.871420215000114 ], [ 67.126829282000074, 24.872135812000067 ], [ 67.127313716000174, 24.87255970700005 ], [ 67.127863986000023, 24.873184129000038 ], [ 67.128336346000026, 24.873720143000185 ], [ 67.128746, 24.874185000000182 ], [ 67.128610000000151, 24.875797000000148 ], [ 67.128746, 24.877782 ], [ 67.129253425000172, 24.880071827000108 ], [ 67.130212769000138, 24.880648536000081 ], [ 67.130637616000058, 24.88282708100013 ], [ 67.13139736, 24.883566395000059 ], [ 67.132443508000051, 24.884584412000152 ], [ 67.132394418000104, 24.887322094000183 ], [ 67.144512774000191, 24.886799 ], [ 67.149159771000029, 24.886879120000117 ], [ 67.150033124000061, 24.886894178000148 ], [ 67.155553473000055, 24.886989357000118 ], [ 67.161359358000198, 24.886989357000118 ], [ 67.164405068000121, 24.886989357000118 ], [ 67.166403815000194, 24.886227928999972 ], [ 67.170452984000121, 24.885449238000149 ], [ 67.170626461000154, 24.885968504000118 ], [ 67.170908586000166, 24.88681247300002 ], [ 67.171300924000093, 24.887981377000131 ], [ 67.172819593999975, 24.892503955000052 ], [ 67.17320213000005, 24.893589743000177 ], [ 67.173754565000195, 24.895153883000091 ], [ 67.174728649000144, 24.89790490200005 ], [ 67.175015041, 24.898681363000094 ], [ 67.176116656000147, 24.90167128500002 ], [ 67.176274768000042, 24.902094297000019 ], [ 67.176530631, 24.902543067000067 ], [ 67.177693302000193, 24.904520263000052 ], [ 67.178533252000079, 24.905948652000177 ], [ 67.180217091000031, 24.905978689000108 ], [ 67.185279240000114, 24.906068857000093 ], [ 67.187190857000076, 24.906108403000189 ], [ 67.188374105000094, 24.906132881000076 ], [ 67.194130912999981, 24.906251972000064 ], [ 67.195587808000028, 24.906280220999975 ], [ 67.198713248000161, 24.90634079900002 ], [ 67.205887246000088, 24.906479914999977 ], [ 67.207189611000103, 24.906505185000128 ], [ 67.207871749000049, 24.906371190000129 ], [ 67.211140328000056, 24.90573278300019 ], [ 67.212735762000079, 24.905421169000135 ], [ 67.213685459000033, 24.905664983000065 ], [ 67.21463024500008, 24.90596333700006 ], [ 67.215525307000064, 24.906211965000011 ], [ 67.216668996000067, 24.906510319 ], [ 67.217812685000126, 24.906709222000075 ], [ 67.219304454000167, 24.906858399000043 ], [ 67.220705, 24.906818 ], [ 67.221719226000118, 24.906664626000122 ], [ 67.22209852300017, 24.906609778000188 ], [ 67.223439321000114, 24.906415885000058 ], [ 67.22437, 24.906286 ], [ 67.225310732000139, 24.905539349000151 ], [ 67.225776607000057, 24.90499161200006 ], [ 67.226085924000131, 24.904510452000011 ], [ 67.226454045000139, 24.903937819000191 ], [ 67.226922020000018, 24.90569557900011 ], [ 67.227604269000096, 24.908258175000071 ], [ 67.227790444000107, 24.909122027000137 ], [ 67.228069622000135, 24.910417413000175 ], [ 67.22915716100016, 24.915463585999987 ], [ 67.229333580000059, 24.916282171000148 ], [ 67.229651897000053, 24.917759156000045 ], [ 67.230694386000039, 24.92259570900012 ], [ 67.230978139000172, 24.923912161000146 ], [ 67.232038246000059, 24.925539992000097 ], [ 67.233702169000139, 24.928095002000077 ], [ 67.235776389000193, 24.931280036000032 ], [ 67.237056322000115, 24.932782141000018 ], [ 67.238216146000127, 24.934143288000143 ], [ 67.236480257000153, 24.934322851000161 ], [ 67.227837949000048, 24.935216826000158 ], [ 67.225666886999988, 24.935441405000176 ], [ 67.223968646000117, 24.935824887000081 ], [ 67.215473121000173, 24.937743275 ], [ 67.21377414300008, 24.938126924000073 ], [ 67.212161341000069, 24.939002434000031 ], [ 67.203972791000069, 24.943447590000119 ], [ 67.203367872000172, 24.943775970000104 ], [ 67.201926029000163, 24.944558674 ], [ 67.200346892000141, 24.945415908000086 ], [ 67.199242684000069, 24.946835615000055 ], [ 67.193364234000057, 24.954393679000134 ], [ 67.192290630000059, 24.955774038000186 ], [ 67.192290630000059, 24.957450174000144 ], [ 67.192290630000059, 24.96551235700008 ], [ 67.192290630000059, 24.967283166000129 ], [ 67.193781997000087, 24.968235972000116 ], [ 67.20177668600013, 24.973343624000108 ], [ 67.202467228999978, 24.973784798000054 ], [ 67.20460837800016, 24.975152736999974 ], [ 67.206101509000121, 24.976106670000149 ], [ 67.20783400800002, 24.976453178000042 ], [ 67.212896908000062, 24.977465784000117 ], [ 67.217869270999984, 24.978460282000185 ], [ 67.21952864300016, 24.978792165000186 ], [ 67.220490274000042, 24.979321077000066 ], [ 67.22429521700019, 24.981413855000028 ], [ 67.225744145000192, 24.982210787999975 ], [ 67.224350546999972, 24.983277466000118 ], [ 67.220154016000151, 24.986489543000062 ], [ 67.217923234000125, 24.988594177000152 ], [ 67.212805421000041, 24.993422584000029 ], [ 67.21120801800015, 24.994929655000135 ], [ 67.20945086800009, 24.996115031000159 ], [ 67.206639007000035, 24.998011917000099 ], [ 67.205584265000141, 24.998801297 ], [ 67.203428439000106, 25.000414739000121 ], [ 67.202779470000166, 25.000900435000176 ], [ 67.200656945000162, 25.002488954000057 ], [ 67.199262888000192, 25.003532281000105 ], [ 67.198612455000102, 25.004383931000064 ], [ 67.197266165000087, 25.006146707000084 ], [ 67.196100715000114, 25.007672700000114 ], [ 67.197910035000064, 25.008176841000022 ], [ 67.198511029000031, 25.008331326000075 ], [ 67.197436773000163, 25.008719536000058 ], [ 67.194903270000054, 25.009583919000079 ], [ 67.192423022000185, 25.010478871000089 ], [ 67.192012022000085, 25.010627173000103 ], [ 67.189657275000059, 25.011282914000049 ], [ 67.187742064000133, 25.011517080999965 ], [ 67.186974633000148, 25.01161091300014 ], [ 67.186289923000118, 25.011660517000109 ], [ 67.182861270000046, 25.011908909000056 ], [ 67.180774597000152, 25.012107604000107 ], [ 67.179105511000046, 25.012266536000084 ], [ 67.177817360000176, 25.01225760900013 ], [ 67.175644430000148, 25.012242550000053 ], [ 67.174813511000025, 25.012236791000021 ], [ 67.173937248000129, 25.012177169999973 ], [ 67.173061093000172, 25.012117557000124 ], [ 67.171735901000147, 25.012027391000117 ], [ 67.170431886000131, 25.011938666000162 ], [ 67.168382873000155, 25.011628226000028 ], [ 67.165319975000045, 25.011163718000148 ], [ 67.163576261000173, 25.010895411999968 ], [ 67.162740817000156, 25.010827267000138 ], [ 67.160655255999984, 25.010657154000171 ], [ 67.159634074000053, 25.010569941000142 ], [ 67.158211143000187, 25.010448418000124 ], [ 67.157078522000177, 25.010448418000124 ], [ 67.155693967000104, 25.010679109000137 ] ] ] } },
{ "type": "Feature", "properties": { "adm2_name": "Korangi Karachi", "adm2_name1": null, "adm2_name2": null, "adm2_name3": null, "adm2_pcode": "PK712", "adm1_name": "Sindh", "adm1_name1": null, "adm1_name2": null, "adm1_name3": null, "adm1_pcode": "PK7", "adm0_name": "Pakistan", "adm0_name1": null, "adm0_name2": null, "adm0_name3": null, "adm0_pcode": "PK", "valid_on": "2022-09-09T00:00:00", "valid_to": null, "area_sqkm": 104.292021, "version": "v01", "lang": "en", "lang1": null, "lang2": null, "lang3": null, "adm2_ref_name": "Korangi Karachi", "center_lat": 24.83296763, "center_lon": 67.14577966 }, "geometry": { "type": "Polygon", "coordinates": [ [ [ 67.132394418000104, 24.887322094000183 ], [ 67.132443508000051, 24.884584412000152 ], [ 67.13139736, 24.883566395000059 ], [ 67.130637616000058, 24.88282708100013 ], [ 67.130212769000138, 24.880648536000081 ], [ 67.129253425000172, 24.880071827000108 ], [ 67.128746, 24.877782 ], [ 67.128610000000151, 24.875797000000148 ], [ 67.128746, 24.874185000000182 ], [ 67.128336346000026, 24.873720143000185 ], [ 67.127863986000023, 24.873184129000038 ], [ 67.127313716000174, 24.87255970700005 ], [ 67.126829282000074, 24.872135812000067 ], [ 67.125777047000099, 24.871420215000114 ], [ 67.124674969000068, 24.87067425500004 ], [ 67.123650583000028, 24.869992496 ], [ 67.122867000000156, 24.869471 ], [ 67.121609292000187, 24.86898211099998 ], [ 67.120953, 24.868727000000149 ], [ 67.120301042000108, 24.868332115000044 ], [ 67.119571744000154, 24.867907176000131 ], [ 67.118365736000044, 24.86731058800018 ], [ 67.11796, 24.867038 ], [ 67.117629000000193, 24.866695 ], [ 67.117356569000094, 24.866047821000052 ], [ 67.117367264000166, 24.865088166000135 ], [ 67.115885127000013, 24.864189873000157 ], [ 67.114787141000136, 24.863524406000067 ], [ 67.112467764000144, 24.863016289000029 ], [ 67.111009298000113, 24.863150131999987 ], [ 67.110308764000024, 24.86321442000019 ], [ 67.107822257000123, 24.863360917000136 ], [ 67.106542520000176, 24.863343253000096 ], [ 67.104399512000157, 24.86331367400004 ], [ 67.103779422000173, 24.863481730999979 ], [ 67.102595820000147, 24.863802511000074 ], [ 67.100973139000075, 24.864242291000039 ], [ 67.098237265000193, 24.863355163 ], [ 67.097529243000054, 24.862907445000076 ], [ 67.095353768000052, 24.861531783000146 ], [ 67.093556530000058, 24.860741998000094 ], [ 67.092949887000032, 24.860475412000028 ], [ 67.090024302000188, 24.859090518000016 ], [ 67.093179818000124, 24.854047485000137 ], [ 67.093892514000117, 24.85291515900002 ], [ 67.093247072000054, 24.851241676000029 ], [ 67.092762019000133, 24.849984044000109 ], [ 67.091337212000099, 24.846915204000027 ], [ 67.091129021000029, 24.846466789000146 ], [ 67.090741537000099, 24.845765636000124 ], [ 67.089370393000195, 24.843284545000074 ], [ 67.087569890000168, 24.839474156 ], [ 67.086003380000193, 24.836147647000018 ], [ 67.085518141000136, 24.834617037000044 ], [ 67.083839527000123, 24.83425732 ], [ 67.082587025000066, 24.833988917000113 ], [ 67.079907260000141, 24.833444655000051 ], [ 67.077447571000107, 24.83263278600009 ], [ 67.076023747000022, 24.831383572000107 ], [ 67.074850051000112, 24.830353809000087 ], [ 67.075722425000151, 24.824786194000126 ], [ 67.076286385000117, 24.820900915000095 ], [ 67.076352919000101, 24.820014021000077 ], [ 67.076460759000156, 24.818576535000147 ], [ 67.077033585000095, 24.816208471000152 ], [ 67.077448515000185, 24.814102421000143 ], [ 67.077593579000109, 24.81192717600004 ], [ 67.077619950000042, 24.811487499000123 ], [ 67.077662624000197, 24.810631119000163 ], [ 67.077822499000035, 24.807184758 ], [ 67.077842382000142, 24.806756152999981 ], [ 67.077894406000041, 24.806230538000136 ], [ 67.078280802, 24.802326694000044 ], [ 67.078428133000045, 24.800838165000073 ], [ 67.079382386000191, 24.798843417000057 ], [ 67.079885759000035, 24.798140064000052 ], [ 67.090736389000028, 24.792140961000086 ], [ 67.093284607000044, 24.791393280000136 ], [ 67.099029541, 24.779901505000055 ], [ 67.102302551000093, 24.778135300000031 ], [ 67.104438782000045, 24.787187576000122 ], [ 67.102943420000088, 24.795488358 ], [ 67.104911804000096, 24.797645569000053 ], [ 67.108818054000153, 24.797155380000106 ], [ 67.117927551000093, 24.781600952000076 ], [ 67.122390747000054, 24.778831482000101 ], [ 67.129211426000154, 24.779695511000114 ], [ 67.133850098000096, 24.783613205000051 ], [ 67.135213050000061, 24.78372278900008 ], [ 67.135303039000121, 24.786003094000023 ], [ 67.135315016000163, 24.786306598000067 ], [ 67.135449628000117, 24.789717666000058 ], [ 67.135121957000081, 24.790807235000045 ], [ 67.134722797999984, 24.792134505999968 ], [ 67.134240173000137, 24.793739320999975 ], [ 67.13534820100017, 24.794621509000137 ], [ 67.13570557200012, 24.794899208000118 ], [ 67.137019550000161, 24.79609634600007 ], [ 67.137703643000179, 24.796719642000085 ], [ 67.139041805000033, 24.797113724000042 ], [ 67.14003795900004, 24.797407281000062 ], [ 67.143347329000107, 24.79828730000014 ], [ 67.144383306000123, 24.798514522000119 ], [ 67.146928625000157, 24.799047016000145 ], [ 67.147964864000187, 24.799205704000087 ], [ 67.15003703800005, 24.799522923000154 ], [ 67.151492099000052, 24.800239954000062 ], [ 67.152229446000092, 24.800603475 ], [ 67.153104934000055, 24.801034536000088 ], [ 67.157299858000044, 24.802481851000039 ], [ 67.159475541000177, 24.803079815000103 ], [ 67.16153888600013, 24.803646905000107 ], [ 67.161255056000073, 24.805694948000053 ], [ 67.161184177000166, 24.806199968999977 ], [ 67.161152006000066, 24.80846042100012 ], [ 67.163172770000131, 24.808845686000154 ], [ 67.165072357000156, 24.809208210000122 ], [ 67.165602498000055, 24.809275550000166 ], [ 67.166496455000072, 24.809372322 ], [ 67.168244182000137, 24.809564078000051 ], [ 67.169120660000033, 24.809659653999972 ], [ 67.169944869000062, 24.809749577000048 ], [ 67.170395413000051, 24.809880265 ], [ 67.172192349000056, 24.810401698000078 ], [ 67.173918761000095, 24.81090266700005 ], [ 67.173525464000136, 24.813107457000058 ], [ 67.17344812500005, 24.813541011000041 ], [ 67.173326301000088, 24.814153346000182 ], [ 67.17277462200019, 24.816198057000179 ], [ 67.172448299000109, 24.817407325000033 ], [ 67.172596147000093, 24.820489292000047 ], [ 67.174167917000091, 24.819492377000074 ], [ 67.176566021000099, 24.817971351000153 ], [ 67.177412665000134, 24.817434739000191 ], [ 67.1803728430001, 24.815066839000167 ], [ 67.180994695000038, 24.814570300000014 ], [ 67.182828389000065, 24.813700533000087 ], [ 67.183936562000042, 24.814880001000176 ], [ 67.185182877000045, 24.816206071000124 ], [ 67.18641300000013, 24.815658000000155 ], [ 67.187339093999981, 24.814724687000137 ], [ 67.188426833000051, 24.81362846899998 ], [ 67.189492000000143, 24.812555 ], [ 67.190449165000189, 24.8132826800001 ], [ 67.191793797000059, 24.814304930000105 ], [ 67.192347117000054, 24.814974298000095 ], [ 67.193190504000086, 24.815994566000086 ], [ 67.194340618000012, 24.817385891000015 ], [ 67.194572806000053, 24.81805079600008 ], [ 67.194700150000131, 24.818415466000033 ], [ 67.195287000000178, 24.820096 ], [ 67.193891462000181, 24.82222955900005 ], [ 67.192912000000149, 24.823727 ], [ 67.192420666000146, 24.825175858000023 ], [ 67.192042210000125, 24.826291863000108 ], [ 67.193052564000027, 24.827341310000122 ], [ 67.193316042000163, 24.82761498300016 ], [ 67.194169125000144, 24.828501072000165 ], [ 67.196288044000028, 24.829060444999982 ], [ 67.198157265000077, 24.829553919000148 ], [ 67.200003127000059, 24.82964570900009 ], [ 67.201397000000156, 24.829706 ], [ 67.204543, 24.828072000000191 ], [ 67.205448247999982, 24.828178845000082 ], [ 67.207349643000043, 24.828403263000155 ], [ 67.208666299000072, 24.829038576000073 ], [ 67.210458771000049, 24.830170663000047 ], [ 67.211341195000045, 24.830992026000047 ], [ 67.212175646999981, 24.831930785000168 ], [ 67.213394920999974, 24.833302469000159 ], [ 67.214590746000056, 24.836172449000117 ], [ 67.215332900000192, 24.837878964000026 ], [ 67.216117404000101, 24.839578723000045 ], [ 67.216954595000175, 24.841392636000137 ], [ 67.216857000000175, 24.843589000000122 ], [ 67.214007264000145, 24.844881890000181 ], [ 67.211955533000094, 24.845812736000084 ], [ 67.210771830000112, 24.846423909000123 ], [ 67.208970757000031, 24.847486944000082 ], [ 67.207590344000153, 24.848582663000059 ], [ 67.206179436000127, 24.849862342000165 ], [ 67.205569, 24.850416000000109 ], [ 67.204214745000172, 24.851683950000051 ], [ 67.202619000000198, 24.853178 ], [ 67.201562116000161, 24.854315781000139 ], [ 67.200385790000155, 24.855582143999982 ], [ 67.199459315000183, 24.856579534000105 ], [ 67.198702336000167, 24.857266331000176 ], [ 67.197772961000055, 24.858109541000147 ], [ 67.196981848000064, 24.858827308000116 ], [ 67.196333, 24.859416000000124 ], [ 67.196819283000025, 24.859865837000143 ], [ 67.197518, 24.860415 ], [ 67.198027017000129, 24.861206981000066 ], [ 67.198430435000148, 24.861834661000159 ], [ 67.198475, 24.861904 ], [ 67.198824617000071, 24.861953486000118 ], [ 67.200019160000011, 24.862036758000102 ], [ 67.201501, 24.862137 ], [ 67.203260000000114, 24.86227 ], [ 67.204190764000032, 24.862645126000132 ], [ 67.205499072000123, 24.863158403000057 ], [ 67.205331797000042, 24.863765817000058 ], [ 67.202761980000162, 24.86785849 ], [ 67.200477696000121, 24.869381345000193 ], [ 67.197241630000065, 24.872236698000108 ], [ 67.19410074100017, 24.874711338 ], [ 67.190579139000135, 24.877471512000113 ], [ 67.185629860000176, 24.880612401000064 ], [ 67.180299867000144, 24.883087041000181 ], [ 67.176683086000082, 24.88432436100004 ], [ 67.172590414000069, 24.884990609999988 ], [ 67.170452984000121, 24.885449238000149 ], [ 67.166403815000194, 24.886227928999972 ], [ 67.164405068000121, 24.886989357000118 ], [ 67.161359358000198, 24.886989357000118 ], [ 67.155553473000055, 24.886989357000118 ], [ 67.150033124000061, 24.886894178000148 ], [ 67.149159771000029, 24.886879120000117 ], [ 67.144512774000191, 24.886799 ], [ 67.132394418000104, 24.887322094000183 ] ] ] } },
{ "type": "Feature", "properties": { "adm2_name": "Malir Karachi", "adm2_name1": null, "adm2_name2": null, "adm2_name3": null, "adm2_pcode": "PK714", "adm1_name": "Sindh", "adm1_name1": null, "adm1_name2": null, "adm1_name3": null, "adm1_pcode": "PK7", "adm0_name": "Pakistan", "adm0_name1": null, "adm0_name2": null, "adm0_name3": null, "adm0_pcode": "PK", "valid_on": "2022-09-09T00:00:00", "valid_to": null, "area_sqkm": 2726.8607448399998, "version": "v01", "lang": "en", "lang1": null, "lang2": null, "lang3": null, "adm2_ref_name": "Malir Karachi", "center_lat": 25.20658479, "center_lon": 67.15990752 }, "geometry": { "type": "MultiPolygon", "coordinates": [ [ [ [ 67.380206260000193, 25.639978062000068 ], [ 67.377118059000168, 25.643120045000046 ], [ 67.373024647000079, 25.643178892000037 ], [ 67.371567642000059, 25.643190206999975 ], [ 67.369494721000194, 25.642391295000152 ], [ 67.36659395900017, 25.641273331000036 ], [ 67.364900546000115, 25.640920682000058 ], [ 67.358559222, 25.639600116000054 ], [ 67.35711518300019, 25.639299403000109 ], [ 67.355382346000056, 25.639419631000123 ], [ 67.354942704999985, 25.63946379500004 ], [ 67.351907482000115, 25.639768635000053 ], [ 67.350515466000047, 25.639810839000177 ], [ 67.349677660000054, 25.639836220000063 ], [ 67.347986583000193, 25.639887482 ], [ 67.346722028999977, 25.639925831000085 ], [ 67.345880183000133, 25.639951374000134 ], [ 67.344244318000051, 25.639918433 ], [ 67.342202061000137, 25.639877307000177 ], [ 67.340102162000164, 25.639791510000066 ], [ 67.332674277000137, 25.639488025000105 ], [ 67.330489248000106, 25.639398750000112 ], [ 67.329191499000103, 25.639542562000088 ], [ 67.320968815000072, 25.640453574000162 ], [ 67.316131592000147, 25.624214172000109 ], [ 67.311355591000108, 25.610889435000104 ], [ 67.300025940000182, 25.591844559000151 ], [ 67.292121887000178, 25.582651138000017 ], [ 67.280418396000186, 25.576433182000187 ], [ 67.262916565000069, 25.569728851000093 ], [ 67.257049561000144, 25.565744400000028 ], [ 67.256301880000194, 25.560512543000129 ], [ 67.255493164000029, 25.552366257000074 ], [ 67.255332947, 25.544208527000137 ], [ 67.249961853000059, 25.53264045700007 ], [ 67.243988037000122, 25.523412704000123 ], [ 67.231582642000035, 25.513708115000156 ], [ 67.219276428000171, 25.508661270000118 ], [ 67.209571838000102, 25.505319595000117 ], [ 67.201103210000042, 25.499628067000117 ], [ 67.193138123000097, 25.486351013000046 ], [ 67.188156128000116, 25.474826813000107 ], [ 67.173133850000056, 25.46166038500013 ], [ 67.163322449000134, 25.452489853000031 ], [ 67.160644531000116, 25.446704865000129 ], [ 67.160354613999971, 25.431560516000047 ], [ 67.160758972000053, 25.418735504000097 ], [ 67.162239075000059, 25.395406723000121 ], [ 67.15883636500007, 25.384973526000124 ], [ 67.153511047000165, 25.375152588 ], [ 67.142364502000078, 25.36250686600016 ], [ 67.139060974000131, 25.357315063000044 ], [ 67.138298035000162, 25.350917816000162 ], [ 67.135612488000049, 25.344551086000081 ], [ 67.135459900000058, 25.336397171000158 ], [ 67.135803223000153, 25.329038620000119 ], [ 67.134619852000185, 25.316913700000043 ], [ 67.13580725300011, 25.316357391999986 ], [ 67.137808134000181, 25.315238657000066 ], [ 67.136962891000167, 25.314731598000151 ], [ 67.132293701000037, 25.311725617000036 ], [ 67.12609100300017, 25.306217194000169 ], [ 67.120887757000048, 25.300024033000113 ], [ 67.113685608000196, 25.286563873000034 ], [ 67.11105346700009, 25.279569626000125 ], [ 67.110229492000087, 25.275508881000178 ], [ 67.110664368000187, 25.271770477000075 ], [ 67.110176086000081, 25.267141342000173 ], [ 67.106506348000039, 25.262718201000041 ], [ 67.101539612000124, 25.259124756000176 ], [ 67.098167419000106, 25.255285263000189 ], [ 67.09613800000011, 25.249174117999985 ], [ 67.094438080000145, 25.247065388000124 ], [ 67.089721680000196, 25.241214752000133 ], [ 67.082618713000045, 25.234970093000072 ], [ 67.075149536000083, 25.230155945000035 ], [ 67.069885254000098, 25.225976944000024 ], [ 67.06826798000003, 25.225008677000119 ], [ 67.059295653999982, 25.219636917000059 ], [ 67.04808044400005, 25.212989807000042 ], [ 67.041381836000028, 25.209655762000125 ], [ 67.035491943000181, 25.205457686999978 ], [ 67.03182220500014, 25.201032639000118 ], [ 67.029464722000057, 25.195487976000095 ], [ 67.02703572300004, 25.191547259000117 ], [ 67.025848389000032, 25.189620972000171 ], [ 67.018287659000123, 25.178167343000098 ], [ 67.011955261000196, 25.167900085000042 ], [ 67.00833129900019, 25.162321091000081 ], [ 67.006988525999986, 25.155075073000091 ], [ 67.006240845000036, 25.148708344000056 ], [ 67.004104614000141, 25.136535644999981 ], [ 67.003410339000141, 25.127063751000037 ], [ 67.00621032700019, 25.119064331000175 ], [ 67.009078979000037, 25.109048844000085 ], [ 67.009529114000088, 25.105022431000066 ], [ 67.007759094000164, 25.100936890000185 ], [ 67.005066657000043, 25.097813421000126 ], [ 67.005561501000159, 25.097678463000136 ], [ 67.006188552000083, 25.097507448000101 ], [ 67.007580141, 25.097127919000059 ], [ 67.012823013000059, 25.09569803100004 ], [ 67.023031664000143, 25.094064638000191 ], [ 67.024806519000151, 25.09378065900006 ], [ 67.026590875000181, 25.093869883000139 ], [ 67.033086479000133, 25.094194684000115 ], [ 67.034393273000035, 25.094260028000178 ], [ 67.035703174000162, 25.094390995000083 ], [ 67.039186756000106, 25.094739292000042 ], [ 67.042244375000053, 25.095350855000106 ], [ 67.043980144000045, 25.09569803100004 ], [ 67.045623720000151, 25.094876242 ], [ 67.046856139000056, 25.094260028000178 ], [ 67.047833400000172, 25.093460441 ], [ 67.048384615000032, 25.093009441 ], [ 67.048903566000092, 25.092584841000019 ], [ 67.050147986000013, 25.091566668000098 ], [ 67.052128884000126, 25.089945914999987 ], [ 67.053610319000086, 25.089376099000106 ], [ 67.057112432, 25.088029053000014 ], [ 67.05836038100017, 25.087549045000117 ], [ 67.059608094999987, 25.087357121000025 ], [ 67.06278674400005, 25.086868179000078 ], [ 67.064591772000142, 25.086590529000034 ], [ 67.067234005000046, 25.08692084300003 ], [ 67.068426515999988, 25.087069922000182 ], [ 67.069265777000112, 25.087020561000088 ], [ 67.070700192, 25.086936197000057 ], [ 67.072500891000061, 25.08683029000008 ], [ 67.073567897000089, 25.08546893800002 ], [ 67.079451389000155, 25.077962420000119 ], [ 67.080005991, 25.077281769000024 ], [ 67.08139385200019, 25.075578477000136 ], [ 67.084412863000125, 25.071873309000182 ], [ 67.085338024000066, 25.070737878000102 ], [ 67.088886853000133, 25.06638247799998 ], [ 67.089996882000037, 25.065020162999986 ], [ 67.090796711000053, 25.063347811000028 ], [ 67.09451633000009, 25.055570505000105 ], [ 67.095269640000026, 25.053995418000056 ], [ 67.095677101000092, 25.053204472000175 ], [ 67.102603676000058, 25.039758896000023 ], [ 67.103418520000162, 25.038177156000074 ], [ 67.104580544000044, 25.036840816000165 ], [ 67.10778257100003, 25.033158448000108 ], [ 67.111843303000114, 25.028488561000188 ], [ 67.113005262000058, 25.027152294000189 ], [ 67.113720408000063, 25.025461909000057 ], [ 67.116407553999977, 25.019110319000163 ], [ 67.117087970000171, 25.017502025000113 ], [ 67.117427228000167, 25.016700123000192 ], [ 67.118277891000105, 25.014689417999989 ], [ 67.119722876000026, 25.013450764000027 ], [ 67.120482513000127, 25.012799666000149 ], [ 67.120673532000183, 25.012789901000133 ], [ 67.122339127000089, 25.012704761 ], [ 67.12518179000017, 25.012574537000091 ], [ 67.125501043000043, 25.012559912000029 ], [ 67.126049509000097, 25.012534787000163 ], [ 67.129431259000114, 25.012448153000093 ], [ 67.130699514000185, 25.01241566300007 ], [ 67.132813899000041, 25.01228461900007 ], [ 67.134067641000058, 25.012206916000139 ], [ 67.136087853000049, 25.0121241330001 ], [ 67.137704018000136, 25.012057907000155 ], [ 67.141459720000171, 25.011946159000161 ], [ 67.142711638000037, 25.011908909000056 ], [ 67.145590958000071, 25.011741953000126 ], [ 67.146824884000182, 25.011670404000142 ], [ 67.149398987999973, 25.011532051000188 ], [ 67.152398761000143, 25.011282914000049 ], [ 67.153833588000111, 25.011004498000148 ], [ 67.154395764000071, 25.010895411999968 ], [ 67.154915349000191, 25.010808840000095 ], [ 67.155693967000104, 25.010679109000137 ], [ 67.157078522000177, 25.010448418000124 ], [ 67.158211143000187, 25.010448418000124 ], [ 67.159634074000053, 25.010569941000142 ], [ 67.160655255999984, 25.010657154000171 ], [ 67.162740817000156, 25.010827267000138 ], [ 67.163576261000173, 25.010895411999968 ], [ 67.165319975000045, 25.011163718000148 ], [ 67.168382873000155, 25.011628226000028 ], [ 67.170431886000131, 25.011938666000162 ], [ 67.171735901000147, 25.012027391000117 ], [ 67.173061093000172, 25.012117557000124 ], [ 67.173937248000129, 25.012177169999973 ], [ 67.174813511000025, 25.012236791000021 ], [ 67.175644430000148, 25.012242550000053 ], [ 67.177817360000176, 25.01225760900013 ], [ 67.179105511000046, 25.012266536000084 ], [ 67.180774597000152, 25.012107604000107 ], [ 67.182861270000046, 25.011908909000056 ], [ 67.186289923000118, 25.011660517000109 ], [ 67.186974633000148, 25.01161091300014 ], [ 67.187742064000133, 25.011517080999965 ], [ 67.189657275000059, 25.011282914000049 ], [ 67.192012022000085, 25.010627173000103 ], [ 67.192423022000185, 25.010478871000089 ], [ 67.194903270000054, 25.009583919000079 ], [ 67.197436773000163, 25.008719536000058 ], [ 67.198511029000031, 25.008331326000075 ], [ 67.197910035000064, 25.008176841000022 ], [ 67.196100715000114, 25.007672700000114 ], [ 67.197266165000087, 25.006146707000084 ], [ 67.198612455000102, 25.004383931000064 ], [ 67.199262888000192, 25.003532281000105 ], [ 67.200656945000162, 25.002488954000057 ], [ 67.202779470000166, 25.000900435000176 ], [ 67.203428439000106, 25.000414739000121 ], [ 67.205584265000141, 24.998801297 ], [ 67.206639007000035, 24.998011917000099 ], [ 67.20945086800009, 24.996115031000159 ], [ 67.21120801800015, 24.994929655000135 ], [ 67.212805421000041, 24.993422584000029 ], [ 67.217923234000125, 24.988594177000152 ], [ 67.220154016000151, 24.986489543000062 ], [ 67.224350546999972, 24.983277466000118 ], [ 67.225744145000192, 24.982210787999975 ], [ 67.22429521700019, 24.981413855000028 ], [ 67.220490274000042, 24.979321077000066 ], [ 67.21952864300016, 24.978792165000186 ], [ 67.217869270999984, 24.978460282000185 ], [ 67.212896908000062, 24.977465784000117 ], [ 67.20783400800002, 24.976453178000042 ], [ 67.206101509000121, 24.976106670000149 ], [ 67.20460837800016, 24.975152736999974 ], [ 67.202467228999978, 24.973784798000054 ], [ 67.20177668600013, 24.973343624000108 ], [ 67.193781997000087, 24.968235972000116 ], [ 67.192290630000059, 24.967283166000129 ], [ 67.192290630000059, 24.96551235700008 ], [ 67.192290630000059, 24.957450174000144 ], [ 67.192290630000059, 24.955774038000186 ], [ 67.193364234000057, 24.954393679000134 ], [ 67.199242684000069, 24.946835615000055 ], [ 67.200346892000141, 24.945415908000086 ], [ 67.201926029000163, 24.944558674 ], [ 67.203367872000172, 24.943775970000104 ], [ 67.203972791000069, 24.943447590000119 ], [ 67.212161341000069, 24.939002434000031 ], [ 67.21377414300008, 24.938126924000073 ], [ 67.215473121000173, 24.937743275 ], [ 67.223968646000117, 24.935824887000081 ], [ 67.225666886999988, 24.935441405000176 ], [ 67.227837949000048, 24.935216826000158 ], [ 67.236480257000153, 24.934322851000161 ], [ 67.238216146000127, 24.934143288000143 ], [ 67.237056322000115, 24.932782141000018 ], [ 67.235776389000193, 24.931280036000032 ], [ 67.233702169000139, 24.928095002000077 ], [ 67.232038246000059, 24.925539992000097 ], [ 67.230978139000172, 24.923912161000146 ], [ 67.230694386000039, 24.92259570900012 ], [ 67.229651897000053, 24.917759156000045 ], [ 67.229333580000059, 24.916282171000148 ], [ 67.22915716100016, 24.915463585999987 ], [ 67.228069622000135, 24.910417413000175 ], [ 67.227790444000107, 24.909122027000137 ], [ 67.227604269000096, 24.908258175000071 ], [ 67.226922020000018, 24.90569557900011 ], [ 67.226454045000139, 24.903937819000191 ], [ 67.226085924000131, 24.904510452000011 ], [ 67.225776607000057, 24.90499161200006 ], [ 67.225310732000139, 24.905539349000151 ], [ 67.22437, 24.906286 ], [ 67.223439321000114, 24.906415885000058 ], [ 67.22209852300017, 24.906609778000188 ], [ 67.221719226000118, 24.906664626000122 ], [ 67.220705, 24.906818 ], [ 67.219304454000167, 24.906858399000043 ], [ 67.217812685000126, 24.906709222000075 ], [ 67.216668996000067, 24.906510319 ], [ 67.215525307000064, 24.906211965000011 ], [ 67.21463024500008, 24.90596333700006 ], [ 67.213685459000033, 24.905664983000065 ], [ 67.212735762000079, 24.905421169000135 ], [ 67.211140328000056, 24.90573278300019 ], [ 67.207871749000049, 24.906371190000129 ], [ 67.207189611000103, 24.906505185000128 ], [ 67.205887246000088, 24.906479914999977 ], [ 67.198713248000161, 24.90634079900002 ], [ 67.195587808000028, 24.906280220999975 ], [ 67.194130912999981, 24.906251972000064 ], [ 67.188374105000094, 24.906132881000076 ], [ 67.187190857000076, 24.906108403000189 ], [ 67.185279240000114, 24.906068857000093 ], [ 67.180217091000031, 24.905978689000108 ], [ 67.178533252000079, 24.905948652000177 ], [ 67.177693302000193, 24.904520263000052 ], [ 67.176530631, 24.902543067000067 ], [ 67.176274768000042, 24.902094297000019 ], [ 67.176116656000147, 24.90167128500002 ], [ 67.175015041, 24.898681363000094 ], [ 67.174728649000144, 24.89790490200005 ], [ 67.173754565000195, 24.895153883000091 ], [ 67.17320213000005, 24.893589743000177 ], [ 67.172819593999975, 24.892503955000052 ], [ 67.171300924000093, 24.887981377000131 ], [ 67.170908586000166, 24.88681247300002 ], [ 67.170626461000154, 24.885968504000118 ], [ 67.170452984000121, 24.885449238000149 ], [ 67.172590414000069, 24.884990609999988 ], [ 67.176683086000082, 24.88432436100004 ], [ 67.180299867000144, 24.883087041000181 ], [ 67.185629860000176, 24.880612401000064 ], [ 67.190579139000135, 24.877471512000113 ], [ 67.19410074100017, 24.874711338 ], [ 67.197241630000065, 24.872236698000108 ], [ 67.200477696000121, 24.869381345000193 ], [ 67.202761980000162, 24.86785849 ], [ 67.205331797000042, 24.863765817000058 ], [ 67.205499072000123, 24.863158403000057 ], [ 67.204190764000032, 24.862645126000132 ], [ 67.203260000000114, 24.86227 ], [ 67.201501, 24.862137 ], [ 67.200019160000011, 24.862036758000102 ], [ 67.198824617000071, 24.861953486000118 ], [ 67.198475, 24.861904 ], [ 67.198430435000148, 24.861834661000159 ], [ 67.198027017000129, 24.861206981000066 ], [ 67.197518, 24.860415 ], [ 67.196819283000025, 24.859865837000143 ], [ 67.196333, 24.859416000000124 ], [ 67.196981848000064, 24.858827308000116 ], [ 67.197772961000055, 24.858109541000147 ], [ 67.198702336000167, 24.857266331000176 ], [ 67.199459315000183, 24.856579534000105 ], [ 67.200385790000155, 24.855582143999982 ], [ 67.201562116000161, 24.854315781000139 ], [ 67.202619000000198, 24.853178 ], [ 67.204214745000172, 24.851683950000051 ], [ 67.205569, 24.850416000000109 ], [ 67.206179436000127, 24.849862342000165 ], [ 67.207590344000153, 24.848582663000059 ], [ 67.208970757000031, 24.847486944000082 ], [ 67.210771830000112, 24.846423909000123 ], [ 67.211955533000094, 24.845812736000084 ], [ 67.214007264000145, 24.844881890000181 ], [ 67.216857000000175, 24.843589000000122 ], [ 67.216954595000175, 24.841392636000137 ], [ 67.216117404000101, 24.839578723000045 ], [ 67.215332900000192, 24.837878964000026 ], [ 67.214590746000056, 24.836172449000117 ], [ 67.213394920999974, 24.833302469000159 ], [ 67.212175646999981, 24.831930785000168 ], [ 67.211341195000045, 24.830992026000047 ], [ 67.210458771000049, 24.830170663000047 ], [ 67.208666299000072, 24.829038576000073 ], [ 67.207349643000043, 24.828403263000155 ], [ 67.205448247999982, 24.828178845000082 ], [ 67.204543, 24.828072000000191 ], [ 67.201397000000156, 24.829706 ], [ 67.200003127000059, 24.82964570900009 ], [ 67.198157265000077, 24.829553919000148 ], [ 67.196288044000028, 24.829060444999982 ], [ 67.194169125000144, 24.828501072000165 ], [ 67.193316042000163, 24.82761498300016 ], [ 67.193052564000027, 24.827341310000122 ], [ 67.192042210000125, 24.826291863000108 ], [ 67.192420666000146, 24.825175858000023 ], [ 67.192912000000149, 24.823727 ], [ 67.193891462000181, 24.82222955900005 ], [ 67.195287000000178, 24.820096 ], [ 67.194700150000131, 24.818415466000033 ], [ 67.194572806000053, 24.81805079600008 ], [ 67.194340618000012, 24.817385891000015 ], [ 67.193190504000086, 24.815994566000086 ], [ 67.192347117000054, 24.814974298000095 ], [ 67.191793797000059, 24.814304930000105 ], [ 67.190449165000189, 24.8132826800001 ], [ 67.189492000000143, 24.812555 ], [ 67.188426833000051, 24.81362846899998 ], [ 67.187339093999981, 24.814724687000137 ], [ 67.18641300000013, 24.815658000000155 ], [ 67.185182877000045, 24.816206071000124 ], [ 67.183936562000042, 24.814880001000176 ], [ 67.182828389000065, 24.813700533000087 ], [ 67.180994695000038, 24.814570300000014 ], [ 67.1803728430001, 24.815066839000167 ], [ 67.177412665000134, 24.817434739000191 ], [ 67.176566021000099, 24.817971351000153 ], [ 67.174167917000091, 24.819492377000074 ], [ 67.172596147000093, 24.820489292000047 ], [ 67.172448299000109, 24.817407325000033 ], [ 67.17277462200019, 24.816198057000179 ], [ 67.173326301000088, 24.814153346000182 ], [ 67.17344812500005, 24.813541011000041 ], [ 67.173525464000136, 24.813107457000058 ], [ 67.173918761000095, 24.81090266700005 ], [ 67.172192349000056, 24.810401698000078 ], [ 67.170395413000051, 24.809880265 ], [ 67.169944869000062, 24.809749577000048 ], [ 67.169120660000033, 24.809659653999972 ], [ 67.168244182000137, 24.809564078000051 ], [ 67.166496455000072, 24.809372322 ], [ 67.165602498000055, 24.809275550000166 ], [ 67.165072357000156, 24.809208210000122 ], [ 67.163172770000131, 24.808845686000154 ], [ 67.161152006000066, 24.80846042100012 ], [ 67.161184177000166, 24.806199968999977 ], [ 67.161255056000073, 24.805694948000053 ], [ 67.16153888600013, 24.803646905000107 ], [ 67.159475541000177, 24.803079815000103 ], [ 67.157299858000044, 24.802481851000039 ], [ 67.153104934000055, 24.801034536000088 ], [ 67.152229446000092, 24.800603475 ], [ 67.151492099000052, 24.800239954000062 ], [ 67.15003703800005, 24.799522923000154 ], [ 67.147964864000187, 24.799205704000087 ], [ 67.146928625000157, 24.799047016000145 ], [ 67.144383306000123, 24.798514522000119 ], [ 67.143347329000107, 24.79828730000014 ], [ 67.14003795900004, 24.797407281000062 ], [ 67.139041805000033, 24.797113724000042 ], [ 67.137703643000179, 24.796719642000085 ], [ 67.137019550000161, 24.79609634600007 ], [ 67.13570557200012, 24.794899208000118 ], [ 67.13534820100017, 24.794621509000137 ], [ 67.134240173000137, 24.793739320999975 ], [ 67.134722797999984, 24.792134505999968 ], [ 67.135121957000081, 24.790807235000045 ], [ 67.135449628000117, 24.789717666000058 ], [ 67.135315016000163, 24.786306598000067 ], [ 67.135303039000121, 24.786003094000023 ], [ 67.135213050000061, 24.78372278900008 ], [ 67.138404846000185, 24.783979416000079 ], [ 67.1490631100001, 24.791654587000153 ], [ 67.154693604000045, 24.793727875000116 ], [ 67.159965515000067, 24.79328346300008 ], [ 67.163040161000083, 24.79088211100003 ], [ 67.163514882000186, 24.790010304000077 ], [ 67.168731689000083, 24.780429840000181 ], [ 67.173965454000154, 24.781026840000038 ], [ 67.175621033000084, 24.781854630000112 ], [ 67.177543640000067, 24.782819748000065 ], [ 67.183036803999983, 24.782798766999974 ], [ 67.185699463000162, 24.784769058000052 ], [ 67.188903809000067, 24.790098190000094 ], [ 67.19159698500016, 24.791442871000072 ], [ 67.194984436000198, 24.798030853000171 ], [ 67.202835083000082, 24.801639557000158 ], [ 67.209548854000161, 24.810897889000046 ], [ 67.209976196000184, 24.811487198 ], [ 67.213775635000047, 24.813703536999981 ], [ 67.219932556000117, 24.814121246000184 ], [ 67.223449707000043, 24.811943054000096 ], [ 67.223498654000139, 24.810759846000053 ], [ 67.223648071000127, 24.807147980000025 ], [ 67.226478577000194, 24.804946899000072 ], [ 67.235435486000142, 24.80399704000007 ], [ 67.238044739000088, 24.801788330000079 ], [ 67.239593506000062, 24.797454834000177 ], [ 67.244987488000163, 24.794088364000174 ], [ 67.246444702000133, 24.791839600000117 ], [ 67.244956970000089, 24.789075851000121 ], [ 67.245582581000122, 24.784921646000043 ], [ 67.248588562, 24.784187317000146 ], [ 67.261793532000183, 24.789618516000189 ], [ 67.274635315000182, 24.790281296000103 ], [ 67.299156189000087, 24.782957077000106 ], [ 67.324592590000179, 24.775659561000111 ], [ 67.324920654000096, 24.773164749000102 ], [ 67.329107703000091, 24.77142472200012 ], [ 67.329574585000159, 24.771230698000011 ], [ 67.335502625, 24.771635056000093 ], [ 67.345260620000147, 24.779056549000131 ], [ 67.350257874000079, 24.779848099000105 ], [ 67.364524841000048, 24.777601242000117 ], [ 67.367948088000048, 24.779407493000065 ], [ 67.375495911000087, 24.78339004500009 ], [ 67.380538940000179, 24.78292846700009 ], [ 67.390609741000048, 24.776784897000141 ], [ 67.39659118700007, 24.77593612700008 ], [ 67.400177002000191, 24.777723312000091 ], [ 67.408576965, 24.779249191000133 ], [ 67.423675537000179, 24.773057938000079 ], [ 67.428222656000059, 24.773622513000134 ], [ 67.443901062, 24.781852722000167 ], [ 67.440282404000129, 24.795958164000183 ], [ 67.440554384000052, 24.796774029000062 ], [ 67.440554384000052, 24.798532292000175 ], [ 67.440351438000164, 24.799575949000086 ], [ 67.440114766000079, 24.80079304700007 ], [ 67.440301894000129, 24.802710620000028 ], [ 67.440366012000084, 24.803367663000131 ], [ 67.440177639000069, 24.80606777800017 ], [ 67.43964403800004, 24.807668638000109 ], [ 67.439136197000039, 24.809192217000145 ], [ 67.438810329000091, 24.810082911999984 ], [ 67.438209932000063, 24.811709776000157 ], [ 67.437049860000172, 24.814078497000139 ], [ 67.436158644000159, 24.816052403000185 ], [ 67.435970271000087, 24.817496653000148 ], [ 67.436212836000038, 24.818345729000043 ], [ 67.436347017, 24.818815415000188 ], [ 67.436535636000087, 24.820824782999978 ], [ 67.436284261000139, 24.822269033000111 ], [ 67.43597112499998, 24.823083115000145 ], [ 67.435656270000152, 24.823901668000133 ], [ 67.435467768000194, 24.825032163000117 ], [ 67.435907516000157, 24.825848539000162 ], [ 67.4365679120001, 24.826587039000174 ], [ 67.436966846000075, 24.827031102000035 ], [ 67.437702136000155, 24.82810591100008 ], [ 67.437702136000155, 24.829717279000192 ], [ 67.437686241000165, 24.83073614 ], [ 67.437660882000102, 24.83236167300015 ], [ 67.437743378000164, 24.835212535000096 ], [ 67.438189655000087, 24.836654932000158 ], [ 67.438688147000107, 24.838840993000133 ], [ 67.438404520000176, 24.840046661000031 ], [ 67.437454272000082, 24.841038152000124 ], [ 67.436369270000171, 24.842235924000079 ], [ 67.436224629000037, 24.845406788999981 ], [ 67.437991187000193, 24.845522003000099 ], [ 67.442218902000093, 24.845785362000129 ], [ 67.447673266000038, 24.845691411000075 ], [ 67.449399014, 24.845661405000101 ], [ 67.451117007000164, 24.845740920000026 ], [ 67.454983574000039, 24.845919878000075 ], [ 67.456272641000055, 24.84597954000003 ], [ 67.457603721000055, 24.845954907000021 ], [ 67.458934495, 24.845930279000129 ], [ 67.466033394000192, 24.845798906000027 ], [ 67.469373904000179, 24.845165036000139 ], [ 67.470835637000107, 24.844887669 ], [ 67.472072615000116, 24.844466538000063 ], [ 67.474542651000036, 24.843625612000153 ], [ 67.475778012000035, 24.843205032000185 ], [ 67.476950600000066, 24.842648788000133 ], [ 67.480075568000132, 24.841166389000136 ], [ 67.481246271000089, 24.840611040000113 ], [ 67.482115852000049, 24.840031316000136 ], [ 67.484190668999986, 24.838648098000078 ], [ 67.484926885000164, 24.838157285000023 ], [ 67.485649135000074, 24.837454420000086 ], [ 67.487848687000167, 24.835313903000156 ], [ 67.488852885000142, 24.834336657000108 ], [ 67.489688651000165, 24.832843723000053 ], [ 67.490714794000098, 24.831010718000186 ], [ 67.490944139000135, 24.830601037000122 ], [ 67.491132423000067, 24.830204915000024 ], [ 67.49397786600008, 24.82421851600003 ], [ 67.494736349, 24.822622777999982 ], [ 67.495494772000143, 24.821027166000135 ], [ 67.496586693000154, 24.819073529000036 ], [ 67.500516207000032, 24.812042945000087 ], [ 67.501388413000086, 24.810481196000126 ], [ 67.502899705000061, 24.809558312000149 ], [ 67.506476775000124, 24.807373697000116 ], [ 67.507571314000188, 24.806724657000075 ], [ 67.510934917000043, 24.80474150900011 ], [ 67.516450195, 24.801489754000102 ], [ 67.518037264000156, 24.800554034000129 ], [ 67.519662063000055, 24.800049328999989 ], [ 67.521694486000058, 24.799417966000078 ], [ 67.529497540000136, 24.796994016000099 ], [ 67.532736813000042, 24.795987812000135 ], [ 67.535226963000184, 24.795157278000147 ], [ 67.543109476000041, 24.792528243000163 ], [ 67.544767480000075, 24.791975254000135 ], [ 67.546624456000075, 24.791817304 ], [ 67.556729863000157, 24.790957761000072 ], [ 67.559387235000088, 24.790731731 ], [ 67.561503122000147, 24.790246773000035 ], [ 67.563196033000111, 24.789858760000186 ], [ 67.569127237000089, 24.788499337000019 ], [ 67.570388341000125, 24.78821029400018 ], [ 67.571290266000062, 24.788226822000127 ], [ 67.574032601000056, 24.788277077000146 ], [ 67.575309745000197, 24.788300481000078 ], [ 67.576368017, 24.788917897000033 ], [ 67.577672860000064, 24.789717122000184 ], [ 67.57893529800009, 24.790490484000031 ], [ 67.579941906000045, 24.791107238000052 ], [ 67.58036069800005, 24.792162565000069 ], [ 67.581181137000158, 24.794230015999972 ], [ 67.581513859000154, 24.795068453000169 ], [ 67.581251622000025, 24.796655356000144 ], [ 67.580915957000059, 24.798686462000148 ], [ 67.578821524000091, 24.811292261000176 ], [ 67.578460477000135, 24.813465394000104 ], [ 67.577901360000112, 24.815148489000023 ], [ 67.57552459600015, 24.822303192 ], [ 67.575386325000125, 24.82271943100011 ], [ 67.572897008000155, 24.830212978000077 ], [ 67.572482389000015, 24.831461081000043 ], [ 67.572067384000093, 24.832710339000187 ], [ 67.571176500000092, 24.834589743000095 ], [ 67.57028543500013, 24.836469529 ], [ 67.56704384000011, 24.843307823000032 ], [ 67.560179355000116, 24.857789159999982 ], [ 67.559416760000147, 24.85939798000004 ], [ 67.558844707000162, 24.860604832000092 ], [ 67.558208842000056, 24.861749639000038 ], [ 67.557535166000093, 24.862963116000174 ], [ 67.550332236000088, 24.875934506000135 ], [ 67.546715024000093, 24.882448559000068 ], [ 67.546289229000138, 24.883222795000052 ], [ 67.544798610000157, 24.885933236000028 ], [ 67.537817832000087, 24.898626376000095 ], [ 67.537183377000076, 24.899780109000062 ], [ 67.536337161000063, 24.901318963 ], [ 67.535618872000043, 24.902940995000108 ], [ 67.535080186000016, 24.904157449000024 ], [ 67.530769628000087, 24.913891511000031 ], [ 67.530491493000056, 24.914519592000033 ], [ 67.529692243, 24.916324451999969 ], [ 67.529258573, 24.918049954000139 ], [ 67.52904189100019, 24.91891210100016 ], [ 67.526330816000154, 24.929699040000116 ], [ 67.52600574700017, 24.930992441000114 ], [ 67.525680401000102, 24.93228694000004 ], [ 67.525528499000131, 24.933618644999967 ], [ 67.525376780000101, 24.934948751999968 ], [ 67.523554845000092, 24.950921483000059 ], [ 67.523352427000191, 24.952696064000065 ], [ 67.523200565000081, 24.954027418000067 ], [ 67.522924265000142, 24.95573390300018 ], [ 67.522164269000143, 24.960427792000132 ], [ 67.519835578000084, 24.974810700000035 ], [ 67.519341513000143, 24.977861719000146 ], [ 67.519006317000105, 24.979564371000151 ], [ 67.518922478000036, 24.979990092000094 ], [ 67.51817875100005, 24.983766142000093 ], [ 67.517967715000168, 24.984754979000115 ], [ 67.516552415000149, 24.991996768000035 ], [ 67.515184067000064, 24.99892043 ], [ 67.51500392600019, 25.006969150000032 ], [ 67.514953879000188, 25.009205262000137 ], [ 67.514953782000134, 25.011823105000076 ], [ 67.514953612999989, 25.01493670800005 ], [ 67.514953258000048, 25.021868555000083 ], [ 67.514953214000059, 25.023168080000062 ], [ 67.514953192000064, 25.024034827000094 ], [ 67.51490149100016, 25.024927773000059 ], [ 67.514513902000147, 25.031621962000031 ], [ 67.514410534000092, 25.033407250000096 ], [ 67.513851931000147, 25.035081746000117 ], [ 67.513433492000104, 25.036336083000037 ], [ 67.512001283000131, 25.040629346000117 ], [ 67.511200105000114, 25.043030998000063 ], [ 67.511471957000083, 25.044300958000122 ], [ 67.51157051600012, 25.044761548000054 ], [ 67.511630512000124, 25.047760046000178 ], [ 67.511246609000068, 25.049463699000171 ], [ 67.510671010000124, 25.052018039000131 ], [ 67.509668443000066, 25.05533083500012 ], [ 67.509291641000118, 25.056575906000035 ], [ 67.508481092000125, 25.05789841100011 ], [ 67.507241887000191, 25.059920319000071 ], [ 67.506906141000115, 25.060447307000175 ], [ 67.504221954000172, 25.064302694000048 ], [ 67.503714264000052, 25.065031906000172 ], [ 67.502854507000052, 25.066031569000188 ], [ 67.501995450000152, 25.067030418000172 ], [ 67.501135515000158, 25.068030287 ], [ 67.499756146000152, 25.069349789000114 ], [ 67.49885632500019, 25.070189656000082 ], [ 67.497957017000033, 25.071029044000056 ], [ 67.496814938000114, 25.072044215000119 ], [ 67.495258264000142, 25.07342791100001 ], [ 67.493519142000139, 25.075347032000082 ], [ 67.493173421, 25.076192121000133 ], [ 67.492979389000141, 25.076666417000126 ], [ 67.491899883000144, 25.078165660000082 ], [ 67.489980761000197, 25.079545029000087 ], [ 67.48924239300004, 25.079964548000078 ], [ 67.484703259000128, 25.082543550000139 ], [ 67.48321651800012, 25.083422837000114 ], [ 67.479497847000061, 25.085622130000104 ], [ 67.479126012000108, 25.085842041000092 ], [ 67.475227761000042, 25.088180911000165 ], [ 67.473022648000097, 25.089485932000059 ], [ 67.47228914100009, 25.089920033000169 ], [ 67.47024895900006, 25.091240300999971 ], [ 67.469230635000145, 25.091899292000051 ], [ 67.467431517000136, 25.093398418000106 ], [ 67.465872254000033, 25.094957669000109 ], [ 67.464133015000073, 25.097176665000177 ], [ 67.46293363400008, 25.098675920000176 ], [ 67.461194383000134, 25.099815410000133 ], [ 67.460119087000123, 25.100276269000119 ], [ 67.458675630000187, 25.100894916000072 ], [ 67.455073936000076, 25.102608099000179 ], [ 67.445465315000035, 25.107178538000028 ], [ 67.442663147000189, 25.108511418000035 ], [ 67.441095908000079, 25.109311019000188 ], [ 67.43678601300013, 25.111509917000035 ], [ 67.43366740099998, 25.113086291000116 ], [ 67.432108262000042, 25.11387439400005 ], [ 67.431328511000117, 25.114268537000044 ], [ 67.428554877000124, 25.115527919000158 ], [ 67.421026263000158, 25.118946322000113 ], [ 67.420232402000124, 25.119303096000124 ], [ 67.419375747, 25.119680815000038 ], [ 67.41601214200017, 25.121149538000168 ], [ 67.412835264000194, 25.122615795000058 ], [ 67.408127465000121, 25.12480389000018 ], [ 67.405773640000177, 25.12589790300018 ], [ 67.404580059000068, 25.126395243000104 ], [ 67.39940830400019, 25.128550205000067 ], [ 67.398612516000071, 25.128881793000176 ], [ 67.397425179000152, 25.129428826000037 ], [ 67.389114141000107, 25.133257911000044 ], [ 67.38224055500018, 25.136419102000048 ], [ 67.38062345000003, 25.137162815000181 ], [ 67.379814650000128, 25.137534786000174 ], [ 67.377922134000187, 25.138515559000041 ], [ 67.374137236000195, 25.140477037000153 ], [ 67.373001641000144, 25.141065545000174 ], [ 67.370614662000037, 25.14215525700007 ], [ 67.366630867000026, 25.143973954000046 ], [ 67.363851265000108, 25.145242909000103 ], [ 67.36268276900006, 25.145739787000025 ], [ 67.35832539, 25.147592504000102 ], [ 67.357535640000037, 25.147928298000181 ], [ 67.355148505000159, 25.148425658000122 ], [ 67.353896998000096, 25.148515054000029 ], [ 67.350971270000116, 25.148724041000037 ], [ 67.349261483000134, 25.148803548000103 ], [ 67.344128457000181, 25.149042240000142 ], [ 67.342417636999983, 25.149121795000099 ], [ 67.341531929000098, 25.149188107000043 ], [ 67.339317829000038, 25.149353873999985 ], [ 67.334003764000101, 25.149751732000084 ], [ 67.333118134000188, 25.149818038000035 ], [ 67.326885633000074, 25.150305515000127 ], [ 67.324216514000113, 25.150514281000028 ], [ 67.320426447000159, 25.150514894000139 ], [ 67.318106156999988, 25.150649378000082 ], [ 67.317005634000168, 25.150713164000024 ], [ 67.315563521000115, 25.1509617910001 ], [ 67.315300172000093, 25.151664115000131 ], [ 67.315066267000191, 25.152354289000186 ], [ 67.314568883000106, 25.152652660000115 ], [ 67.313872640000113, 25.152652660000115 ], [ 67.313300993000155, 25.152652660000115 ], [ 67.312480260000029, 25.152702416000125 ], [ 67.311833761000059, 25.153398788 ], [ 67.311784017000036, 25.154343541000117 ], [ 67.312213829000086, 25.155203064000091 ], [ 67.312629387000186, 25.156432164000023 ], [ 67.312430516000177, 25.15782453200012 ], [ 67.312281389000191, 25.159266786000046 ], [ 67.311585146000198, 25.160510038999973 ], [ 67.311229548000085, 25.16081481700013 ], [ 67.310540764000109, 25.161405165000133 ], [ 67.309993766000161, 25.162350046000086 ], [ 67.309859037000138, 25.163427376000072 ], [ 67.309794894000049, 25.164289413000063 ], [ 67.309048884000163, 25.164985656 ], [ 67.308102017000067, 25.165239692000057 ], [ 67.307010017000096, 25.165532667000093 ], [ 67.306313762000173, 25.165930538000055 ], [ 67.305961834000186, 25.16676957400017 ], [ 67.305717008000158, 25.167422418 ], [ 67.305070509000018, 25.168068917000141 ], [ 67.304274754000176, 25.168317544 ], [ 67.303338106000126, 25.168317544 ], [ 67.302534258000094, 25.168317544 ], [ 67.301688888000115, 25.168417032999969 ], [ 67.300744018000103, 25.168964031000144 ], [ 67.299384911000175, 25.169756968000115 ], [ 67.29835701200011, 25.17035667000016 ], [ 67.295284501000197, 25.172091579999972 ], [ 67.294129893000047, 25.172743535 ], [ 67.293759914000077, 25.172960127000181 ], [ 67.290422702000171, 25.174913784000069 ], [ 67.290050519000033, 25.175128142000062 ], [ 67.288986170000157, 25.175727661 ], [ 67.287565640000196, 25.17652315600003 ], [ 67.284830390000195, 25.177915536000114 ], [ 67.284131557000194, 25.17824828900001 ], [ 67.282741766000072, 25.178910045000066 ], [ 67.281667028000129, 25.17965985 ], [ 67.28044129500006, 25.180518425000116 ], [ 67.279012019000106, 25.181545784000093 ], [ 67.278425504000154, 25.182234353000126 ], [ 67.277868266000041, 25.182888549000097 ], [ 67.277072511000028, 25.18383329 ], [ 67.275779513000145, 25.185026916000027 ], [ 67.27528528300013, 25.185376983000083 ], [ 67.274586005000174, 25.185872286000119 ], [ 67.274088774000177, 25.186469041000066 ], [ 67.274088774000177, 25.187215039000137 ], [ 67.274748767000119, 25.188274947000082 ], [ 67.275829268999985, 25.189850661000094 ], [ 67.276674639000134, 25.191143670000031 ], [ 67.276960171000155, 25.19180988300019 ], [ 67.277271394000024, 25.192536039000061 ], [ 67.27816663700014, 25.193480909000073 ], [ 67.279608761000077, 25.194127407000053 ], [ 67.280021915000191, 25.194238645000041 ], [ 67.28090175900013, 25.194475535000095 ], [ 67.281647640000131, 25.194873289000157 ], [ 67.282404795000161, 25.196198116000062 ], [ 67.283409462000066, 25.197859804000075 ], [ 67.284134135000045, 25.199398791000135 ], [ 67.284283379000158, 25.200642045000166 ], [ 67.283935264000036, 25.201437799000075 ], [ 67.283424306000029, 25.202366650000101 ], [ 67.282890893000058, 25.203277784000193 ], [ 67.28259252200013, 25.204272292000041 ], [ 67.282493139000167, 25.205565290000095 ], [ 67.282990394000194, 25.207604286000048 ], [ 67.283487648000118, 25.209344781000084 ], [ 67.283686637000187, 25.212079915000061 ], [ 67.283686637000187, 25.212761665000187 ], [ 67.283686637000187, 25.214019422999968 ], [ 67.283812984000065, 25.214819646000024 ], [ 67.283985008000059, 25.215909163 ], [ 67.283985008000059, 25.217450787000018 ], [ 67.283883454000033, 25.218635118000066 ], [ 67.28383576300007, 25.219191295000144 ], [ 67.283935264000036, 25.22093192 ], [ 67.284482391000097, 25.222573033000174 ], [ 67.285228272999973, 25.223517915 ], [ 67.286073643000123, 25.224512423000078 ], [ 67.28646046900019, 25.224821855000073 ], [ 67.286819642000125, 25.225109166000152 ], [ 67.287764512000138, 25.226004292000141 ], [ 67.288659649000067, 25.227396907000184 ], [ 67.28925650900004, 25.22829191500017 ], [ 67.289703879000115, 25.229734039999983 ], [ 67.289825793000091, 25.230197237000027 ], [ 67.290201262000153, 25.231623780000064 ], [ 67.290748261000033, 25.23246929000004 ], [ 67.29214077000006, 25.23326491600011 ], [ 67.292597078000142, 25.233493083999974 ], [ 67.294030393000185, 25.234209786000122 ], [ 67.295224019000159, 25.235403295000026 ], [ 67.296118721000084, 25.236834974000089 ], [ 67.29706401500016, 25.238237905000119 ], [ 67.297511083000188, 25.238775123000153 ], [ 67.298100517000137, 25.23948341300013 ], [ 67.298409980000088, 25.240024998000081 ], [ 67.298937267000099, 25.24094779100011 ], [ 67.299983270000041, 25.242133162000073 ], [ 67.300515997000161, 25.242369893000046 ], [ 67.301238384000158, 25.242690905000131 ], [ 67.301875697000185, 25.243740659000139 ], [ 67.302423766000175, 25.244643413 ], [ 67.303539382999986, 25.245689286000129 ], [ 67.30405801, 25.246000494000157 ], [ 67.30493401800004, 25.246526154000094 ], [ 67.305422018000058, 25.247641665000117 ], [ 67.305422018000058, 25.249105913000108 ], [ 67.305282638000108, 25.250709789000155 ], [ 67.304655011000136, 25.252941045 ], [ 67.304486333, 25.253514602000109 ], [ 67.303873980000049, 25.25559678400009 ], [ 67.30531937500001, 25.257377274000135 ], [ 67.305825264000077, 25.257791928000188 ], [ 67.308392465999987, 25.259896143000105 ], [ 67.313105922000091, 25.26375940500003 ], [ 67.314790540000047, 25.265140345000077 ], [ 67.319698236000193, 25.268181746000096 ], [ 67.321358248000081, 25.269210490000091 ], [ 67.322198598000114, 25.270925898000144 ], [ 67.324029141000153, 25.27466259300013 ], [ 67.325414494000142, 25.276869971000167 ], [ 67.326339490000123, 25.278343831000086 ], [ 67.328863343000137, 25.282365260000176 ], [ 67.32980442700017, 25.283864754000092 ], [ 67.330107384000087, 25.285329503000014 ], [ 67.330222523000145, 25.285886185999971 ], [ 67.330709200000172, 25.288240086000087 ], [ 67.330999396000038, 25.289642250999975 ], [ 67.330874645000108, 25.294665836000092 ], [ 67.330834040000184, 25.2963009610001 ], [ 67.331359342000155, 25.297396882000101 ], [ 67.332106371, 25.298955694000085 ], [ 67.332739401000197, 25.300276045000032 ], [ 67.334289925000064, 25.300964352000051 ], [ 67.337027382000144, 25.302179563000152 ], [ 67.342660644000148, 25.305143668000142 ], [ 67.343612395000093, 25.30564369700005 ], [ 67.346942280000178, 25.306001515000162 ], [ 67.347920294000119, 25.304157179000129 ], [ 67.348688269000149, 25.302712051000128 ], [ 67.350750069000014, 25.300033310000117 ], [ 67.353735568000047, 25.300698891000025 ], [ 67.354582484000161, 25.301934190000168 ], [ 67.356269269000165, 25.304394513000091 ], [ 67.358468534000167, 25.307602179000071 ], [ 67.359208458000069, 25.308681575000037 ], [ 67.359808481000073, 25.310365758000046 ], [ 67.362513110000123, 25.317957292000074 ], [ 67.364616314000045, 25.323860705000072 ], [ 67.366258489000131, 25.328470178000032 ], [ 67.366706308000175, 25.32972704000008 ], [ 67.367684662000102, 25.332203266000135 ], [ 67.37436950100016, 25.349122684000122 ], [ 67.374858600000039, 25.350360600000045 ], [ 67.375510404000124, 25.352010324000105 ], [ 67.378764500000102, 25.35852230900008 ], [ 67.379331629000035, 25.359657228000117 ], [ 67.379557097000031, 25.360949308000045 ], [ 67.379630837000093, 25.361371888000065 ], [ 67.379915044000086, 25.363000582000154 ], [ 67.379295261000038, 25.364576050000096 ], [ 67.378982348000136, 25.36537146400002 ], [ 67.378143127999977, 25.367504719000067 ], [ 67.377827364000154, 25.368304475000173 ], [ 67.377357355000072, 25.369494890000169 ], [ 67.376717878000193, 25.371114508000062 ], [ 67.376687784000183, 25.372387440000011 ], [ 67.376658300000088, 25.373634631000073 ], [ 67.376638272000037, 25.374481775000049 ], [ 67.376624847000073, 25.375049688000047 ], [ 67.377199005000136, 25.376342679000174 ], [ 67.378452826000057, 25.379166249000036 ], [ 67.378876665, 25.379967298000111 ], [ 67.380815644000165, 25.383489015000123 ], [ 67.382986460000154, 25.387431810000123 ], [ 67.384048551000035, 25.389360858000032 ], [ 67.384205081000175, 25.38991898900008 ], [ 67.384574997000072, 25.391237892000049 ], [ 67.38764048000013, 25.402167963000181 ], [ 67.389839185000085, 25.410008091000122 ], [ 67.390198883000153, 25.41129076600015 ], [ 67.390713753000114, 25.412506820000033 ], [ 67.39500318000006, 25.422637877000113 ], [ 67.39517472, 25.423043032000123 ], [ 67.395888963000061, 25.424729982000088 ], [ 67.396443042000158, 25.425822909000033 ], [ 67.397041389000037, 25.427003052000089 ], [ 67.400830112000051, 25.434476284000027 ], [ 67.401627867000059, 25.436050041000158 ], [ 67.402850265000154, 25.437285264000138 ], [ 67.406518710000171, 25.44099219800006 ], [ 67.40735624500013, 25.441984206000086 ], [ 67.409244152000099, 25.444220317000088 ], [ 67.410832737000135, 25.446102087000156 ], [ 67.411718835000102, 25.447151427000108 ], [ 67.412106879000078, 25.448392260000048 ], [ 67.412360058000161, 25.449201844000072 ], [ 67.412661393000121, 25.450164959000062 ], [ 67.412957814000038, 25.451113264000128 ], [ 67.41292884000012, 25.452358354000069 ], [ 67.412909574000139, 25.453186262000031 ], [ 67.412880292000182, 25.454444590000037 ], [ 67.412586733000182, 25.455510724000135 ], [ 67.411388475000138, 25.459862125000029 ], [ 67.411055205000082, 25.461072858000136 ], [ 67.410310997000181, 25.462660355000082 ], [ 67.406585370000187, 25.470607627000049 ], [ 67.405654176000041, 25.472593990000178 ], [ 67.404722814000081, 25.474580714000069 ], [ 67.404166983000039, 25.47623998500012 ], [ 67.403750149000189, 25.477484320000144 ], [ 67.402082178000114, 25.482463562000191 ], [ 67.400674881999976, 25.486664995000126 ], [ 67.400112019000062, 25.488345139000046 ], [ 67.399689802000012, 25.489605305000055 ], [ 67.39929928600003, 25.491255447000128 ], [ 67.398421093000138, 25.494966286000135 ], [ 67.398249942000064, 25.495689259000187 ], [ 67.397834272000182, 25.497445924000147 ], [ 67.397791908000045, 25.499233571000161 ], [ 67.397611832000052, 25.506832392000149 ], [ 67.397461356, 25.51308025700007 ], [ 67.397414936000075, 25.51501197000016 ], [ 67.393437867000102, 25.541646384000103 ], [ 67.393241952000153, 25.542977597000061 ], [ 67.393041830000129, 25.544309707000139 ], [ 67.392999576000193, 25.546061988000076 ], [ 67.392967894000037, 25.547375836000072 ], [ 67.392872803000046, 25.551319257000102 ], [ 67.392822761, 25.553394488000151 ], [ 67.392610602000161, 25.562263555000072 ], [ 67.392546956000047, 25.564924200000064 ], [ 67.392525742000032, 25.565811041000131 ], [ 67.392446052000196, 25.567151425000191 ], [ 67.39207427100007, 25.573404820000064 ], [ 67.391968021000196, 25.575191959000051 ], [ 67.392064540000092, 25.576509001000147 ], [ 67.392124865000028, 25.577332158000104 ], [ 67.392868873999987, 25.587484492999977 ], [ 67.393358842000055, 25.594170324000117 ], [ 67.393480140000122, 25.595825495000042 ], [ 67.39301288900009, 25.597898690000079 ], [ 67.392826409000122, 25.59872610400015 ], [ 67.392666600000155, 25.599336479999977 ], [ 67.391613045000099, 25.602426800999979 ], [ 67.391295762000084, 25.603357554000183 ], [ 67.390939304000028, 25.60415913900016 ], [ 67.388327101000186, 25.610033325000188 ], [ 67.387724172000105, 25.611389159999987 ], [ 67.385852339000053, 25.615624685000057 ], [ 67.385309675000087, 25.61685285600015 ], [ 67.384537942000122, 25.618598861000123 ], [ 67.384245341000167, 25.620272668000155 ], [ 67.383707974000174, 25.623346640000136 ], [ 67.383577858000081, 25.624090613000135 ], [ 67.383376608000106, 25.625242197000034 ], [ 67.383206426000072, 25.627028284000062 ], [ 67.382610426000156, 25.633283401000085 ], [ 67.382483224999987, 25.634618395000075 ], [ 67.382219539000062, 25.635440745000096 ], [ 67.381440655000063, 25.637869827000145 ], [ 67.381040723000012, 25.639117082000041 ], [ 67.380206260000193, 25.639978062000068 ] ] ], [ [ [ 67.298583984000061, 24.666227341000081 ], [ 67.290748596000128, 24.662416458000166 ], [ 67.283401489000028, 24.663423538000188 ], [ 67.280967712000177, 24.661464691000049 ], [ 67.280181885000104, 24.658306122000056 ], [ 67.283210754000152, 24.651100159000066 ], [ 67.279380798000147, 24.644083023000178 ], [ 67.280548096000075, 24.637859345000038 ], [ 67.28385925300006, 24.634838104000039 ], [ 67.293228149000015, 24.634733200000085 ], [ 67.305358887000125, 24.639730453000084 ], [ 67.307014466000055, 24.643960953000033 ], [ 67.30265045200008, 24.655923843000039 ], [ 67.303314209, 24.662210465000101 ], [ 67.298583984000061, 24.666227341000081 ] ] ], [ [ [ 67.237045288000104, 24.663326263000044 ], [ 67.216033936000144, 24.663450241000191 ], [ 67.20873260500008, 24.674476624000079 ], [ 67.203048706000061, 24.679292679000014 ], [ 67.198181152000188, 24.681007385000157 ], [ 67.193405150999979, 24.680635452000047 ], [ 67.183067322000056, 24.676523209000038 ], [ 67.172065735000047, 24.666334152000161 ], [ 67.171501160000162, 24.663391113000102 ], [ 67.175537109000061, 24.654134750000082 ], [ 67.175094604000094, 24.64827346800007 ], [ 67.181961060000162, 24.636817932000099 ], [ 67.179336548000094, 24.628377915000158 ], [ 67.180297851000148, 24.626914978000173 ], [ 67.182014465000066, 24.624292374000049 ], [ 67.191963196000131, 24.626720429000102 ], [ 67.195518494000169, 24.629138946000126 ], [ 67.203231812000126, 24.624599457000159 ], [ 67.214538574000187, 24.638555527000051 ], [ 67.220001221000189, 24.638948441000082 ], [ 67.221687317000089, 24.636709213000074 ], [ 67.217109680000135, 24.62590789800015 ], [ 67.219596863000106, 24.620773315000122 ], [ 67.225730896000073, 24.615970612000183 ], [ 67.238014221000071, 24.611375809000094 ], [ 67.241996765000067, 24.608795166000164 ], [ 67.246147156000177, 24.602254868000102 ], [ 67.256164551000097, 24.597166061000109 ], [ 67.265472412000065, 24.598314285000072 ], [ 67.272811889000081, 24.6031532290001 ], [ 67.280601502000081, 24.613851547000081 ], [ 67.28303527800017, 24.627086639000026 ], [ 67.281761170000095, 24.630384445000061 ], [ 67.277099609000118, 24.632732391 ], [ 67.269439697000166, 24.647089004000122 ], [ 67.26586914100011, 24.650728226000126 ], [ 67.258239746000129, 24.65318489100008 ], [ 67.256546020000144, 24.661062241000138 ], [ 67.253524780000077, 24.662422180000135 ], [ 67.243057251000039, 24.661441803000059 ], [ 67.237045288000104, 24.663326263000044 ] ] ], [ [ [ 67.320823669000163, 24.669681549000074 ], [ 67.308143616000052, 24.678445816000021 ], [ 67.30099487300015, 24.685934067000119 ], [ 67.296112059999984, 24.688066482000067 ], [ 67.291107178000118, 24.687482834000093 ], [ 67.316047669000056, 24.663469314000054 ], [ 67.320823669000163, 24.669681549000074 ] ] ], [ [ [ 67.131340027000135, 24.673700333000056 ], [ 67.133560181000178, 24.675239563000048 ], [ 67.133445740000013, 24.677949906000038 ], [ 67.125724792000142, 24.682275772000025 ], [ 67.121116638000103, 24.688796997000054 ], [ 67.115791321000074, 24.690490723000039 ], [ 67.11349487300015, 24.685400009000148 ], [ 67.114173889000028, 24.679996490000065 ], [ 67.115898132000154, 24.67692375200005 ], [ 67.120605469000168, 24.673746109000092 ], [ 67.125419617000034, 24.673286438 ], [ 67.131340027000135, 24.673700333000056 ] ] ], [ [ [ 67.245666504000042, 24.670299530000136 ], [ 67.24339294400005, 24.675649643000042 ], [ 67.238792420000038, 24.682176589999983 ], [ 67.23148345900006, 24.68777465800008 ], [ 67.221832275000168, 24.68911743200016 ], [ 67.219932556000117, 24.690933227000016 ], [ 67.212249756000176, 24.716770172000054 ], [ 67.209541321000188, 24.716051102000051 ], [ 67.202842712000063, 24.706638335999969 ], [ 67.199699402000022, 24.705278396999972 ], [ 67.19522857700008, 24.69739913899997 ], [ 67.189552307000042, 24.696578979000151 ], [ 67.18780517600004, 24.694641113000046 ], [ 67.188858032000098, 24.691127777000133 ], [ 67.210906982000097, 24.68188476500012 ], [ 67.213729858000079, 24.680700302000048 ], [ 67.218261719000168, 24.670415877999972 ], [ 67.222244263000164, 24.667837143000042 ], [ 67.231590271000186, 24.668361664000031 ], [ 67.241241455000079, 24.666809081999986 ], [ 67.244865417000085, 24.66755867 ], [ 67.245666504000042, 24.670299530000136 ] ] ], [ [ [ 67.137084961000141, 24.755329132000099 ], [ 67.130683899000019, 24.755315781000149 ], [ 67.12821197500017, 24.748758316000135 ], [ 67.124351501000149, 24.74820709200003 ], [ 67.120742798000038, 24.752466202000164 ], [ 67.117908218000196, 24.752671848000148 ], [ 67.116851807000103, 24.752748489000169 ], [ 67.11635923900019, 24.751918929999988 ], [ 67.113433838000162, 24.746992111000111 ], [ 67.113044739000031, 24.739879608000024 ], [ 67.115768433000142, 24.724546432000068 ], [ 67.116027832000043, 24.723072052000077 ], [ 67.123245239000084, 24.703485489000172 ], [ 67.132873535000044, 24.691709519000142 ], [ 67.141387939000197, 24.690124512000182 ], [ 67.144004822000056, 24.69313812300004 ], [ 67.147811890000128, 24.711643219000109 ], [ 67.15253448500016, 24.735399246000043 ], [ 67.151458740000066, 24.739328384000089 ], [ 67.137084961000141, 24.755329132000099 ] ] ], [ [ [ 67.192848206000178, 24.705253601000095 ], [ 67.199150085000156, 24.724258423000094 ], [ 67.218002319000163, 24.726987839000174 ], [ 67.234497070000089, 24.737150192000172 ], [ 67.248222351000038, 24.742416382000158 ], [ 67.249717713000109, 24.744972229000155 ], [ 67.244468689000144, 24.750432968000155 ], [ 67.241439819000163, 24.757637024000076 ], [ 67.23835754400011, 24.760248184000147 ], [ 67.230583191000164, 24.760402679000038 ], [ 67.207496643000127, 24.747760773000152 ], [ 67.203758240000127, 24.745712280000191 ], [ 67.186134338000159, 24.740726471000016 ], [ 67.178802490000123, 24.735673904000066 ], [ 67.173927307000099, 24.726528168000073 ], [ 67.178741455000136, 24.715002060000131 ], [ 67.189002991000109, 24.704286575000026 ], [ 67.192848206000178, 24.705253601000095 ] ] ], [ [ [ 67.317413330000136, 24.766651154000044 ], [ 67.310501099000135, 24.773729323999987 ], [ 67.302719116000105, 24.773889541000017 ], [ 67.296646118000126, 24.771598816000107 ], [ 67.285659790000068, 24.766222 ], [ 67.275802612, 24.755661011000086 ], [ 67.272186279000039, 24.748859406000179 ], [ 67.267547607000097, 24.744945526000151 ], [ 67.249389648000033, 24.736190796000187 ], [ 67.243492127000138, 24.729520798000067 ], [ 67.237991333000139, 24.729961394999975 ], [ 67.233718872, 24.728355408000084 ], [ 67.235160828000119, 24.720888138000078 ], [ 67.240295410000044, 24.715616226000122 ], [ 67.244224548000091, 24.71158981300016 ], [ 67.25035095200019, 24.712631226000042 ], [ 67.262817383000026, 24.720565796000017 ], [ 67.278633118000073, 24.736337662000096 ], [ 67.287788391000106, 24.741655350000087 ], [ 67.310668945000145, 24.746593475000168 ], [ 67.316490173000091, 24.744071959999985 ], [ 67.320465088000049, 24.736061096000128 ], [ 67.325981140000124, 24.735200882000186 ], [ 67.332214355000076, 24.739374161000057 ], [ 67.337432861000195, 24.746017456000061 ], [ 67.34185028100012, 24.755559921000099 ], [ 67.34104919400005, 24.75845527600012 ], [ 67.341217041000164, 24.760131836000085 ], [ 67.33533477800006, 24.764322281000148 ], [ 67.324172973000145, 24.763326645 ], [ 67.317413330000136, 24.766651154000044 ] ] ], [ [ [ 67.285926819000053, 24.782306671000129 ], [ 67.280334473000096, 24.784835815000122 ], [ 67.271141052000132, 24.78619766200012 ], [ 67.260650635, 24.785427094000113 ], [ 67.252075195000145, 24.782842636000169 ], [ 67.248344421000184, 24.778959273999988 ], [ 67.244850159000066, 24.780511856000032 ], [ 67.236656189000144, 24.779607773000123 ], [ 67.239845276000096, 24.774288178000063 ], [ 67.25170135500008, 24.763830185000131 ], [ 67.249473572000056, 24.762292862000038 ], [ 67.248748779000039, 24.75767517100013 ], [ 67.250526428000171, 24.753351211000108 ], [ 67.257026672000109, 24.75085449200003 ], [ 67.264328003000173, 24.751100540000152 ], [ 67.267410278, 24.753917694 ], [ 67.272468567000146, 24.764526366999974 ], [ 67.279495239000084, 24.771652222000114 ], [ 67.286239624000075, 24.774591446000102 ], [ 67.288848877000078, 24.777811050000025 ], [ 67.285926819000053, 24.782306671000129 ] ] ], [ [ [ 67.215065002000074, 24.793285369999978 ], [ 67.209510803000114, 24.789337157999967 ], [ 67.204231262, 24.789993286000083 ], [ 67.198326111000029, 24.783319473000063 ], [ 67.193855285000097, 24.780870437000146 ], [ 67.191589355000019, 24.774946213000078 ], [ 67.187782288000051, 24.772937775000173 ], [ 67.181777954000097, 24.774402619 ], [ 67.177536011000086, 24.771961212000065 ], [ 67.171615600000052, 24.775850296000158 ], [ 67.169075012000121, 24.777517318999969 ], [ 67.165237427000136, 24.776342392 ], [ 67.162399292000089, 24.773113251000098 ], [ 67.164520264000032, 24.760658264000142 ], [ 67.169036865000123, 24.756427765000126 ], [ 67.182502747000115, 24.751251221000075 ], [ 67.188514709000174, 24.755214691000106 ], [ 67.190490723000096, 24.762590408000108 ], [ 67.197189331000118, 24.766576767000174 ], [ 67.226966858000196, 24.776149750000059 ], [ 67.229240418000188, 24.782072067000058 ], [ 67.227745056000117, 24.785154343000045 ], [ 67.215065002000074, 24.793285369999978 ] ] ], [ [ [ 67.232910156000059, 24.793054580999978 ], [ 67.226425171000074, 24.800767898000061 ], [ 67.215682983000136, 24.806251526000096 ], [ 67.211830139000028, 24.805286407999972 ], [ 67.211723328000176, 24.802358627000103 ], [ 67.221870422000052, 24.800197601000036 ], [ 67.225090027000078, 24.794250488000102 ], [ 67.231819153000117, 24.791763306000178 ], [ 67.232910156000059, 24.793054580999978 ] ] ] ] } },
{ "type": "Feature", "properties": { "adm2_name": "South Karachi", "adm2_name1": null, "adm2_name2": null, "adm2_name3": null, "adm2_pcode": "PK721", "adm1_name": "Sindh", "adm1_name1": null, "adm1_name2": null, "adm1_name3": null, "adm1_pcode": "PK7", "adm0_name": "Pakistan", "adm0_name1": null, "adm0_name2": null, "adm0_name3": null, "adm0_pcode": "PK", "valid_on": "2022-09-09T00:00:00", "valid_to": null, "area_sqkm": 507.62533692, "version": "v01", "lang": "en", "lang1": null, "lang2": null, "lang3": null, "adm2_ref_name": "South Karachi", "center_lat": 24.89329951, "center_lon": 66.84196952000001 }, "geometry": { "type": "MultiPolygon", "coordinates": [ [ [ [ 66.949458, 24.952488 ], [ 66.952365, 24.954563000000178 ], [ 66.957226668000089, 24.957288293000147 ], [ 66.960291945000165, 24.959207966000122 ], [ 66.958418494000114, 24.961568395000086 ], [ 66.955431718000114, 24.965331360000107 ], [ 66.953361636000068, 24.968044114000065 ], [ 66.951411015000076, 24.97049741100011 ], [ 66.95204662600014, 24.971148492000054 ], [ 66.95344951800007, 24.972585529000014 ], [ 66.955489822000118, 24.973564103000172 ], [ 66.956415391000064, 24.974008025000103 ], [ 66.957160019000185, 24.974365164000119 ], [ 66.957557209000186, 24.974530332000086 ], [ 66.96115525700003, 24.976026546000071 ], [ 66.962352417000091, 24.976641064000091 ], [ 66.96474256900018, 24.977867962 ], [ 66.965135510999971, 24.978069664000031 ], [ 66.965889471000196, 24.978542013000094 ], [ 66.966262149000158, 24.978775493000057 ], [ 66.968142135000051, 24.979953286000068 ], [ 66.968727513000033, 24.981766797000091 ], [ 66.969036134000078, 24.982722909000188 ], [ 66.968804971000054, 24.983632882000052 ], [ 66.968345388000103, 24.985442037000098 ], [ 66.966680280000162, 24.987426624000079 ], [ 66.965846891000069, 24.98841991400019 ], [ 66.963698219000094, 24.991038268000125 ], [ 66.962725340000134, 24.992223810000155 ], [ 66.961873765000121, 24.99326153200002 ], [ 66.961379159000046, 24.993954077000069 ], [ 66.959649520000028, 24.996375913000065 ], [ 66.958870930000103, 24.997335509000038 ], [ 66.95799026300017, 24.99842091000005 ], [ 66.956995080000127, 25.000280966000162 ], [ 66.955005141000072, 25.004000283000153 ], [ 66.953995213000155, 25.005446148000146 ], [ 66.953238118000172, 25.006530044000101 ], [ 66.952480516000151, 25.007614665000062 ], [ 66.9518003, 25.008514032000107 ], [ 66.950410635000082, 25.010351419000187 ], [ 66.949383349000129, 25.012063845000114 ], [ 66.948460511000178, 25.013602162000097 ], [ 66.947736596000027, 25.014718270000117 ], [ 66.944840633000183, 25.019183167000108 ], [ 66.938238924000075, 25.029362761000016 ], [ 66.923095703000058, 25.017650604000039 ], [ 66.915939331000175, 25.013702392000084 ], [ 66.905250549000073, 25.011095047000083 ], [ 66.88853454600013, 25.008893967 ], [ 66.881238260000032, 25.007376076000128 ], [ 66.872489929000153, 25.005556107000075 ], [ 66.857391358000143, 25.002532959000064 ], [ 66.845848083000078, 24.997301102000165 ], [ 66.838684081999986, 24.993635178000034 ], [ 66.830657959000177, 24.987638473000118 ], [ 66.822326660000158, 24.981344223000121 ], [ 66.811408997000058, 24.976415634000091 ], [ 66.80141449000007, 24.972377777000077 ], [ 66.789825440000072, 24.968582153000057 ], [ 66.784065247000171, 24.965326309000147 ], [ 66.772644043000184, 24.956918716000018 ], [ 66.761917114000028, 24.946802139000113 ], [ 66.751815796000187, 24.936988831000122 ], [ 66.741371155000081, 24.928031921000127 ], [ 66.732093811000198, 24.921703339000146 ], [ 66.72224426300005, 24.913915633999977 ], [ 66.714881897, 24.907354355000052 ], [ 66.70785522500006, 24.900224686000172 ], [ 66.702951063000171, 24.892689022000184 ], [ 66.708557129000042, 24.895219803000032 ], [ 66.712606732000154, 24.894837807000044 ], [ 66.715545654000152, 24.892559051000148 ], [ 66.721420288000047, 24.894243240000151 ], [ 66.721992493000187, 24.891757965000124 ], [ 66.711761475000117, 24.880094528000086 ], [ 66.703109741000162, 24.879142761000139 ], [ 66.69473266600005, 24.882167816000049 ], [ 66.689918518000184, 24.877389908000112 ], [ 66.686482949000037, 24.876370844 ], [ 66.684272766000049, 24.875715256000149 ], [ 66.659561157000098, 24.850759506000145 ], [ 66.658218384000065, 24.840057373000036 ], [ 66.651908875, 24.833131790000152 ], [ 66.651390076000155, 24.829353331999982 ], [ 66.657539368000016, 24.824993134000181 ], [ 66.671669006000116, 24.82114601100011 ], [ 66.674720764000028, 24.82120704700003 ], [ 66.683326721000185, 24.821378708000111 ], [ 66.692611694000107, 24.823400497000137 ], [ 66.716217041000164, 24.832437514999981 ], [ 66.728805542000032, 24.83228492700016 ], [ 66.734230041000046, 24.838752747000115 ], [ 66.751396178999983, 24.84357261700012 ], [ 66.756195068000125, 24.843751907000012 ], [ 66.767921448000152, 24.837297440000043 ], [ 66.77299499500009, 24.836442947000137 ], [ 66.789352417000089, 24.838930130000108 ], [ 66.803733826000098, 24.835966110000186 ], [ 66.81082153300008, 24.834505081000032 ], [ 66.819061279000096, 24.834390640000038 ], [ 66.822410584000181, 24.836185455000134 ], [ 66.82888793900014, 24.844985962000067 ], [ 66.834632874000192, 24.849582672000111 ], [ 66.836680951000119, 24.850367722000044 ], [ 66.851501465000126, 24.856048584000064 ], [ 66.861991882000098, 24.856851578000033 ], [ 66.870315552000079, 24.854858398000147 ], [ 66.896316528000114, 24.840976715000068 ], [ 66.919860840000183, 24.830762863000189 ], [ 66.924674988000106, 24.827600479000182 ], [ 66.979179382000154, 24.791753769000024 ], [ 66.98152168900009, 24.794812592000085 ], [ 66.968383788999972, 24.80890846300008 ], [ 66.957817078000119, 24.825862885000106 ], [ 66.939064026000153, 24.836257935000106 ], [ 66.935997009000118, 24.83720016500007 ], [ 66.93419647200011, 24.837753296000074 ], [ 66.923484802000189, 24.836948395000036 ], [ 66.918601990000127, 24.838651657000071 ], [ 66.912162781000177, 24.844684601000097 ], [ 66.911956787000179, 24.849479675 ], [ 66.912536621000186, 24.852006912000149 ], [ 66.919036865000123, 24.85495567300012 ], [ 66.937713623000036, 24.856882095000174 ], [ 66.953781128000116, 24.86100959800018 ], [ 66.957916260000161, 24.860532761000059 ], [ 66.961006165000128, 24.85792732200008 ], [ 66.964004517000035, 24.851980209000146 ], [ 66.969085693000181, 24.850908279000066 ], [ 66.971420288000161, 24.85516738900003 ], [ 66.975288391, 24.855724335000104 ], [ 66.978363037, 24.858549117999985 ], [ 66.979398416000151, 24.858377347999976 ], [ 66.982513428000175, 24.857860565000124 ], [ 66.983108521000077, 24.854749680000054 ], [ 66.979592204000028, 24.851281576000133 ], [ 66.978935242000034, 24.8506336210001 ], [ 66.968658447000166, 24.844837189000089 ], [ 66.965377808000085, 24.841379166000081 ], [ 66.962654114000145, 24.824993134000181 ], [ 66.963439941000047, 24.822723389000032 ], [ 66.966369629000155, 24.823663712000155 ], [ 66.968208313000048, 24.826471329000185 ], [ 66.969589233000079, 24.828580856000031 ], [ 66.973625183000081, 24.830604553000057 ], [ 66.974975586000141, 24.825641632000043 ], [ 66.972152710000159, 24.816978455000083 ], [ 66.975845337000067, 24.810846329000015 ], [ 66.980018616000166, 24.809534073000179 ], [ 66.982315063000158, 24.814626694000083 ], [ 66.986100883000063, 24.816847149000068 ], [ 66.992286682000042, 24.816654205000077 ], [ 66.993874541000025, 24.816414118000182 ], [ 66.994592844000067, 24.816095856000118 ], [ 66.995343008000134, 24.81595214500004 ], [ 66.996043595000117, 24.815775198000097 ], [ 67.021690369000112, 24.808300018000125 ], [ 67.026618958000142, 24.805341721000048 ], [ 67.02757327400019, 24.80431814200017 ], [ 67.049613953000176, 24.780677795000031 ], [ 67.05669403100012, 24.775497437000183 ], [ 67.061309814000197, 24.773147583000082 ], [ 67.08707065700014, 24.76002320300006 ], [ 67.093132019, 24.756935120000094 ], [ 67.096572876000039, 24.756637573000091 ], [ 67.099876403999986, 24.759675980000054 ], [ 67.101043701000037, 24.764518738000163 ], [ 67.099014282000098, 24.769250870000178 ], [ 67.08989715600012, 24.774152756000035 ], [ 67.087829590000126, 24.779720306000115 ], [ 67.091430664000029, 24.786527634000038 ], [ 67.090736389000028, 24.792140961000086 ], [ 67.079885759000035, 24.798140064000052 ], [ 67.079382386000191, 24.798843417000057 ], [ 67.078428133000045, 24.800838165000073 ], [ 67.078280802, 24.802326694000044 ], [ 67.077894406000041, 24.806230538000136 ], [ 67.077842382000142, 24.806756152999981 ], [ 67.077822499000035, 24.807184758 ], [ 67.077662624000197, 24.810631119000163 ], [ 67.077619950000042, 24.811487499000123 ], [ 67.077593579000109, 24.81192717600004 ], [ 67.077448515000185, 24.814102421000143 ], [ 67.077033585000095, 24.816208471000152 ], [ 67.076460759000156, 24.818576535000147 ], [ 67.076352919000101, 24.820014021000077 ], [ 67.076286385000117, 24.820900915000095 ], [ 67.075722425000151, 24.824786194000126 ], [ 67.074850051000112, 24.830353809000087 ], [ 67.076023747000022, 24.831383572000107 ], [ 67.077447571000107, 24.83263278600009 ], [ 67.079907260000141, 24.833444655000051 ], [ 67.082587025000066, 24.833988917000113 ], [ 67.083839527000123, 24.83425732 ], [ 67.085518141000136, 24.834617037000044 ], [ 67.086003380000193, 24.836147647000018 ], [ 67.087569890000168, 24.839474156 ], [ 67.089370393000195, 24.843284545000074 ], [ 67.090741537000099, 24.845765636000124 ], [ 67.091129021000029, 24.846466789000146 ], [ 67.091337212000099, 24.846915204000027 ], [ 67.092762019000133, 24.849984044000109 ], [ 67.093247072000054, 24.851241676000029 ], [ 67.093892514000117, 24.85291515900002 ], [ 67.093179818000124, 24.854047485000137 ], [ 67.090024302000188, 24.859090518000016 ], [ 67.086185590000184, 24.864264224000181 ], [ 67.085767261000115, 24.864827408000053 ], [ 67.085336144000053, 24.865408028000161 ], [ 67.083898427, 24.864628716000141 ], [ 67.082496015000174, 24.863868540000112 ], [ 67.078196469000034, 24.861635687000046 ], [ 67.077458113000091, 24.861252241000102 ], [ 67.076311514000167, 24.860656786000106 ], [ 67.076841882000167, 24.85956544600009 ], [ 67.077023019000137, 24.859109654000179 ], [ 67.077713266000103, 24.857608919000086 ], [ 67.075767778000113, 24.856569484000147 ], [ 67.06848135600012, 24.852535017000037 ], [ 67.067313389, 24.851846539000064 ], [ 67.065827016000071, 24.851048037000112 ], [ 67.064499881000131, 24.852879542000039 ], [ 67.064216792000025, 24.853318340000101 ], [ 67.062907256000074, 24.855348164000191 ], [ 67.060491467000077, 24.854470755000136 ], [ 67.057469306000087, 24.853373113000089 ], [ 67.054599256000074, 24.852481542000135 ], [ 67.054151132000129, 24.854075867000176 ], [ 67.053431382000099, 24.856569164000121 ], [ 67.052980266000077, 24.857498169000166 ], [ 67.051971513000183, 24.857392045000097 ], [ 67.05111245500018, 24.857080618000168 ], [ 67.049848142000087, 24.856622278000088 ], [ 67.04941159700013, 24.856699303000141 ], [ 67.048837770000148, 24.857006825000042 ], [ 67.048459682000157, 24.857213053 ], [ 67.046769145000155, 24.858135155000127 ], [ 67.044619151000063, 24.858798787000126 ], [ 67.042031467000186, 24.859236395000096 ], [ 67.040345763000175, 24.859568413000034 ], [ 67.039124775000062, 24.860444410000127 ], [ 67.038536308000118, 24.860953832000177 ], [ 67.037735211000154, 24.861647322000181 ], [ 67.037215748999984, 24.862129070000094 ], [ 67.035196391000056, 24.864372794000076 ], [ 67.032223516000045, 24.867478296 ], [ 67.031446974000062, 24.868300106000163 ], [ 67.031667382000194, 24.868878662000043 ], [ 67.032131189000097, 24.869747684 ], [ 67.032339114000195, 24.870414754000137 ], [ 67.031603628000084, 24.871201538000037 ], [ 67.031282516000147, 24.871546421000062 ], [ 67.030717016000096, 24.872153783000044 ], [ 67.030717016000096, 24.872580660000096 ], [ 67.030995050000172, 24.87311151199998 ], [ 67.030831888000193, 24.873812106000059 ], [ 67.03002738400005, 24.873697169000025 ], [ 67.028957025000011, 24.873151477000192 ], [ 67.028352768000047, 24.872843413999988 ], [ 67.026678140000058, 24.872121043 ], [ 67.026320091000173, 24.872836906000032 ], [ 67.025627135000036, 24.8736642880001 ], [ 67.024691400000165, 24.873299080000038 ], [ 67.024281012000131, 24.873138909000033 ], [ 67.023788513000113, 24.872941916000173 ], [ 67.02326153600012, 24.874408254000173 ], [ 67.023021614000186, 24.875083034000056 ], [ 67.022869019999973, 24.87560165900004 ], [ 67.023361647000172, 24.876750907000087 ], [ 67.023707251000189, 24.877701465000087 ], [ 67.023755632000189, 24.878622669000094 ], [ 67.023549373000094, 24.879024362 ], [ 67.023131762000048, 24.879837668000164 ], [ 67.022314600000129, 24.881447927000067 ], [ 67.022015265000164, 24.882037781 ], [ 67.021802440000044, 24.882433008000135 ], [ 67.020204263000039, 24.88128555600008 ], [ 67.019643033000136, 24.880890129000136 ], [ 67.017476795000164, 24.879509744000018 ], [ 67.016583928999978, 24.878957493000087 ], [ 67.015948890000118, 24.878566654000167 ], [ 67.015445657000157, 24.878465989000063 ], [ 67.014944357000047, 24.878312379000192 ], [ 67.014424633000033, 24.878331414000058 ], [ 67.013201082000137, 24.878111248000153 ], [ 67.012426762000189, 24.878016038000055 ], [ 67.011514852000062, 24.878138789 ], [ 67.010859487000118, 24.878242421000039 ], [ 67.009693014000163, 24.878489161000061 ], [ 67.008242610000195, 24.878772912000159 ], [ 67.007274642000084, 24.878962282000032 ], [ 67.006531083000084, 24.879232675000083 ], [ 67.005539771000144, 24.879593162 ], [ 67.00451450700001, 24.879987546000109 ], [ 67.00314764500007, 24.880329168000173 ], [ 67.002545329000156, 24.880421867000109 ], [ 67.001665140000114, 24.880534165000142 ], [ 67.000650382000174, 24.880487032000076 ], [ 66.999741503000166, 24.880512005000071 ], [ 66.998048146000144, 24.880434293000064 ], [ 66.996782249000091, 24.880361368000138 ], [ 66.995682137000017, 24.880224031000068 ], [ 66.994362024000168, 24.879966913000089 ], [ 66.993395394000117, 24.879540658999986 ], [ 66.9926856350001, 24.879225166000083 ], [ 66.991996846, 24.878885142000058 ], [ 66.990959192000162, 24.878372898000123 ], [ 66.990494121000097, 24.87812933400005 ], [ 66.989583761000119, 24.877569162000043 ], [ 66.988705263000099, 24.877166171 ], [ 66.98739174800005, 24.876530148000029 ], [ 66.987376000000154, 24.876553000000172 ], [ 66.984024, 24.879159000000129 ], [ 66.979753924000079, 24.881487140000047 ], [ 66.976740941000116, 24.883344101000091 ], [ 66.973454281000159, 24.88555198600011 ], [ 66.971333, 24.886977 ], [ 66.967309000000171, 24.889743000000124 ], [ 66.964751222000075, 24.891505733000031 ], [ 66.964389000000153, 24.891538000000139 ], [ 66.961578, 24.893910000000119 ], [ 66.958817, 24.896553 ], [ 66.953073000000188, 24.901457000000164 ], [ 66.948997, 24.905319000000134 ], [ 66.947966641000164, 24.90642354300013 ], [ 66.945622, 24.908937 ], [ 66.941817000000185, 24.914072000000147 ], [ 66.938805337000133, 24.919909656000186 ], [ 66.935446288000094, 24.926222844999984 ], [ 66.933209, 24.929691000000162 ], [ 66.92988255500012, 24.937810602000184 ], [ 66.928591, 24.941217000000108 ], [ 66.931967, 24.944278 ], [ 66.936416001000168, 24.946922 ], [ 66.941154, 24.949514 ], [ 66.945315, 24.951235000000167 ], [ 66.948077000000126, 24.952488 ], [ 66.949538360000076, 24.952260149000153 ], [ 66.949458, 24.952488 ] ] ], [ [ [ 66.615783691000104, 24.887096405000079 ], [ 66.618141174000186, 24.89052772500014 ], [ 66.618827820000149, 24.895359039000027 ], [ 66.617477417000089, 24.899902344000111 ], [ 66.612716675000172, 24.903896332000045 ], [ 66.606231690000129, 24.905527115000041 ], [ 66.601768494000169, 24.903057098000033 ], [ 66.60095214800009, 24.895925522000084 ], [ 66.596496582000043, 24.89324760400018 ], [ 66.596145630000137, 24.890935898000066 ], [ 66.598312378000173, 24.888721466000163 ], [ 66.611984253000116, 24.885070801000154 ], [ 66.615783691000104, 24.887096405000079 ] ] ] ] } },
{ "type": "Feature", "properties": { "adm2_name": "West Karachi", "adm2_name1": null, "adm2_name2": null, "adm2_name3": null, "adm2_pcode": "PK729", "adm1_name": "Sindh", "adm1_name1": null, "adm1_name2": null, "adm1_name3": null, "adm1_pcode": "PK7", "adm0_name": "Pakistan", "adm0_name1": null, "adm0_name2": null, "adm0_name3": null, "adm0_pcode": "PK", "valid_on": "2022-09-09T00:00:00", "valid_to": null, "area_sqkm": 241.76628397, "version": "v01", "lang": "en", "lang1": null, "lang2": null, "lang3": null, "adm2_ref_name": "West Karachi", "center_lat": 24.98689727, "center_lon": 67.00838153 }, "geometry": { "type": "Polygon", "coordinates": [ [ [ 67.023031664000143, 25.094064638000191 ], [ 67.012823013000059, 25.09569803100004 ], [ 67.007580141, 25.097127919000059 ], [ 67.006188552000083, 25.097507448000101 ], [ 67.005561501000159, 25.097678463000136 ], [ 67.005066657000043, 25.097813421000126 ], [ 67.000122070000145, 25.092077255000163 ], [ 66.991523743000073, 25.083478928000034 ], [ 66.980751038000164, 25.073667526000065 ], [ 66.972831726000038, 25.063932419000082 ], [ 66.96147918700018, 25.052661896000018 ], [ 66.948936462, 25.04086113000011 ], [ 66.938238924000075, 25.029362761000016 ], [ 66.944840633000183, 25.019183167000108 ], [ 66.947736596000027, 25.014718270000117 ], [ 66.948460511000178, 25.013602162000097 ], [ 66.949383349000129, 25.012063845000114 ], [ 66.950410635000082, 25.010351419000187 ], [ 66.9518003, 25.008514032000107 ], [ 66.952480516000151, 25.007614665000062 ], [ 66.953238118000172, 25.006530044000101 ], [ 66.953995213000155, 25.005446148000146 ], [ 66.955005141000072, 25.004000283000153 ], [ 66.956995080000127, 25.000280966000162 ], [ 66.95799026300017, 24.99842091000005 ], [ 66.958870930000103, 24.997335509000038 ], [ 66.959649520000028, 24.996375913000065 ], [ 66.961379159000046, 24.993954077000069 ], [ 66.961873765000121, 24.99326153200002 ], [ 66.962725340000134, 24.992223810000155 ], [ 66.963698219000094, 24.991038268000125 ], [ 66.965846891000069, 24.98841991400019 ], [ 66.966680280000162, 24.987426624000079 ], [ 66.968345388000103, 24.985442037000098 ], [ 66.968804971000054, 24.983632882000052 ], [ 66.969036134000078, 24.982722909000188 ], [ 66.968727513000033, 24.981766797000091 ], [ 66.968142135000051, 24.979953286000068 ], [ 66.966262149000158, 24.978775493000057 ], [ 66.965889471000196, 24.978542013000094 ], [ 66.965135510999971, 24.978069664000031 ], [ 66.96474256900018, 24.977867962 ], [ 66.962352417000091, 24.976641064000091 ], [ 66.96115525700003, 24.976026546000071 ], [ 66.957557209000186, 24.974530332000086 ], [ 66.957160019000185, 24.974365164000119 ], [ 66.956415391000064, 24.974008025000103 ], [ 66.955489822000118, 24.973564103000172 ], [ 66.95344951800007, 24.972585529000014 ], [ 66.95204662600014, 24.971148492000054 ], [ 66.951411015000076, 24.97049741100011 ], [ 66.953361636000068, 24.968044114000065 ], [ 66.955431718000114, 24.965331360000107 ], [ 66.958418494000114, 24.961568395000086 ], [ 66.960291945000165, 24.959207966000122 ], [ 66.957226668000089, 24.957288293000147 ], [ 66.952365, 24.954563000000178 ], [ 66.949458, 24.952488 ], [ 66.949538360000076, 24.952260149000153 ], [ 66.948077000000126, 24.952488 ], [ 66.945315, 24.951235000000167 ], [ 66.941154, 24.949514 ], [ 66.936416001000168, 24.946922 ], [ 66.931967, 24.944278 ], [ 66.928591, 24.941217000000108 ], [ 66.92988255500012, 24.937810602000184 ], [ 66.933209, 24.929691000000162 ], [ 66.935446288000094, 24.926222844999984 ], [ 66.938805337000133, 24.919909656000186 ], [ 66.941817000000185, 24.914072000000147 ], [ 66.945622, 24.908937 ], [ 66.947966641000164, 24.90642354300013 ], [ 66.948997, 24.905319000000134 ], [ 66.953073000000188, 24.901457000000164 ], [ 66.958817, 24.896553 ], [ 66.961578, 24.893910000000119 ], [ 66.964389000000153, 24.891538000000139 ], [ 66.964751222000075, 24.891505733000031 ], [ 66.967309000000171, 24.889743000000124 ], [ 66.971333, 24.886977 ], [ 66.973454281000159, 24.88555198600011 ], [ 66.976740941000116, 24.883344101000091 ], [ 66.979753924000079, 24.881487140000047 ], [ 66.984024, 24.879159000000129 ], [ 66.987376000000154, 24.876553000000172 ], [ 66.98739174800005, 24.876530148000029 ], [ 66.988705263000099, 24.877166171 ], [ 66.989583761000119, 24.877569162000043 ], [ 66.990494121000097, 24.87812933400005 ], [ 66.990959192000162, 24.878372898000123 ], [ 66.991996846, 24.878885142000058 ], [ 66.9926856350001, 24.879225166000083 ], [ 66.993395394000117, 24.879540658999986 ], [ 66.994362024000168, 24.879966913000089 ], [ 66.995682137000017, 24.880224031000068 ], [ 66.996782249000091, 24.880361368000138 ], [ 66.998048146000144, 24.880434293000064 ], [ 66.999741503000166, 24.880512005000071 ], [ 67.000650382000174, 24.880487032000076 ], [ 67.001665140000114, 24.880534165000142 ], [ 67.002545329000156, 24.880421867000109 ], [ 67.00314764500007, 24.880329168000173 ], [ 67.00451450700001, 24.879987546000109 ], [ 67.005539771000144, 24.879593162 ], [ 67.006531083000084, 24.879232675000083 ], [ 67.007274642000084, 24.878962282000032 ], [ 67.008242610000195, 24.878772912000159 ], [ 67.009693014000163, 24.878489161000061 ], [ 67.010859487000118, 24.878242421000039 ], [ 67.011514852000062, 24.878138789 ], [ 67.012426762000189, 24.878016038000055 ], [ 67.013201082000137, 24.878111248000153 ], [ 67.014424633000033, 24.878331414000058 ], [ 67.014944357000047, 24.878312379000192 ], [ 67.015445657000157, 24.878465989000063 ], [ 67.015948890000118, 24.878566654000167 ], [ 67.016583928999978, 24.878957493000087 ], [ 67.017476795000164, 24.879509744000018 ], [ 67.019643033000136, 24.880890129000136 ], [ 67.020204263000039, 24.88128555600008 ], [ 67.021802440000044, 24.882433008000135 ], [ 67.02299908800012, 24.883849772000133 ], [ 67.023409924000191, 24.884313387000191 ], [ 67.024496252000176, 24.885361271000022 ], [ 67.025028771000109, 24.885873534000041 ], [ 67.025393065, 24.886170334000099 ], [ 67.026340282000149, 24.886989221000078 ], [ 67.026266893000013, 24.887981663000119 ], [ 67.025511135000045, 24.889568170000018 ], [ 67.024075881000101, 24.890928162000137 ], [ 67.021949230000075, 24.89259058 ], [ 67.020978140000068, 24.893496660000039 ], [ 67.02029826800009, 24.8944790380001 ], [ 67.020071518000179, 24.895612292000067 ], [ 67.020510610000088, 24.897097842999983 ], [ 67.020978140000068, 24.898634289000086 ], [ 67.021356013000116, 24.900523042000145 ], [ 67.02143164000006, 24.902260919000128 ], [ 67.02143164000006, 24.90399842100004 ], [ 67.020373894000159, 24.905660542000135 ], [ 67.01984316100004, 24.906262045000119 ], [ 67.019240640000191, 24.906944908000185 ], [ 67.018409514000155, 24.908229286000051 ], [ 67.018014677000053, 24.90924450600005 ], [ 67.017880635000154, 24.909589161000042 ], [ 67.017880635000154, 24.911347141000192 ], [ 67.017880635000154, 24.91223341400007 ], [ 67.017880635000154, 24.915633037000077 ], [ 67.017880636000086, 24.917120793000095 ], [ 67.017880635000154, 24.918277419000049 ], [ 67.017805021000129, 24.922130541000172 ], [ 67.017945994000172, 24.922861012000112 ], [ 67.018245133000107, 24.924411036000095 ], [ 67.016396517000146, 24.924811785000145 ], [ 67.015594650000139, 24.924823042000071 ], [ 67.013645389000033, 24.924850408000054 ], [ 67.011286520000169, 24.927177911000172 ], [ 67.012994625000033, 24.928402171000187 ], [ 67.013979637000148, 24.929108165000173 ], [ 67.017473702000188, 24.931719626000131 ], [ 67.018247342000052, 24.932279957000048 ], [ 67.019925901000136, 24.933482116000164 ], [ 67.020839193000029, 24.933971633000056 ], [ 67.021795515000065, 24.934484663000035 ], [ 67.024012890000165, 24.936305036000135 ], [ 67.024553814000114, 24.937142674000143 ], [ 67.02532934400017, 24.938208552000049 ], [ 67.02726135100005, 24.939971069000137 ], [ 67.028307828000038, 24.940953106000109 ], [ 67.030724261000046, 24.94313366300014 ], [ 67.031695779000131, 24.94404035600013 ], [ 67.032990888000086, 24.94524904900004 ], [ 67.033595614000035, 24.945904218000123 ], [ 67.034501746000046, 24.946885935000125 ], [ 67.034804015000134, 24.947213417 ], [ 67.035084727000083, 24.947548111000174 ], [ 67.035645867000142, 24.948217160000013 ], [ 67.036207087000037, 24.948886306000134 ], [ 67.036768383000094, 24.949555541 ], [ 67.037097345000177, 24.949994163000042 ], [ 67.038354891000097, 24.951670915000079 ], [ 67.039505013000053, 24.952953720999972 ], [ 67.04031927, 24.953861915000175 ], [ 67.041770323000094, 24.956242764000081 ], [ 67.042487110000138, 24.957736077000106 ], [ 67.043097051000075, 24.959006787000078 ], [ 67.04349239000004, 24.959830410999984 ], [ 67.043831227000055, 24.961110391000034 ], [ 67.044172392000121, 24.962399167000058 ], [ 67.044172392000121, 24.963368707000029 ], [ 67.044172392000121, 24.965496778000158 ], [ 67.044159825000065, 24.967084756000077 ], [ 67.044180507000192, 24.968639659000019 ], [ 67.044347260000052, 24.97052904700007 ], [ 67.044736137000143, 24.971974166000166 ], [ 67.045059778000052, 24.973009571000091 ], [ 67.045292013000164, 24.973752545000139 ], [ 67.045903388, 24.976031044000081 ], [ 67.046347880000042, 24.97830954300008 ], [ 67.046533740000143, 24.979548421000061 ], [ 67.046681399000192, 24.980532661000154 ], [ 67.047181507000175, 24.982310911000184 ], [ 67.04807076100019, 24.984311542000057 ], [ 67.04879274700005, 24.985424693000084 ], [ 67.049404519000063, 24.986367918000042 ], [ 67.050682638000012, 24.98925766300016 ], [ 67.050883667000051, 24.990497006999988 ], [ 67.050983073000111, 24.991109847000075 ], [ 67.051049512000191, 24.991864583 ], [ 67.051082731000179, 24.992412861999981 ], [ 67.051104174000102, 24.993346314000121 ], [ 67.050859642000091, 24.995449256000029 ], [ 67.050759898000194, 24.995915310000044 ], [ 67.050652547000141, 24.996368612000083 ], [ 67.050349260000189, 24.997649287000115 ], [ 67.049015643000018, 24.99953879200001 ], [ 67.048187617999986, 25.000402681000025 ], [ 67.04773726600007, 25.00087253900017 ], [ 67.046348737000187, 25.001269284000045 ], [ 67.04593136900013, 25.001388539000061 ], [ 67.045501016000117, 25.001462541000137 ], [ 67.045065593000061, 25.00151375400003 ], [ 67.043902639000123, 25.001650538000149 ], [ 67.042286248000039, 25.001838512000063 ], [ 67.041513143000145, 25.001928417000101 ], [ 67.04107035200019, 25.002099743000088 ], [ 67.040487729000176, 25.002291846999981 ], [ 67.039863581000077, 25.002285514000107 ], [ 67.039788889000079, 25.002907284 ], [ 67.040087013000061, 25.003264911000031 ], [ 67.040712879000182, 25.003622668000048 ], [ 67.042642639000121, 25.004141067000035 ], [ 67.044707014000153, 25.004755289000059 ], [ 67.046435766000172, 25.00523215700008 ], [ 67.047836727, 25.005711889000168 ], [ 67.048611770000093, 25.005977287000121 ], [ 67.050251016, 25.006335043000036 ], [ 67.051503018000062, 25.006513916000188 ], [ 67.052228860000071, 25.006597207000084 ], [ 67.053321136000193, 25.006722546000049 ], [ 67.05414683000015, 25.006760511999971 ], [ 67.05591438800019, 25.006841786000109 ], [ 67.058210017000135, 25.007073244000082 ], [ 67.059461388000045, 25.00719941400007 ], [ 67.060723159000077, 25.007268956000132 ], [ 67.063246764000098, 25.007408044000101 ], [ 67.06581012900017, 25.007557169999984 ], [ 67.069360389999986, 25.007742605000146 ], [ 67.06980426400014, 25.007765789000132 ], [ 67.071145582000099, 25.007804905000171 ], [ 67.0771653380001, 25.007983102000082 ], [ 67.079861591000167, 25.008096108000188 ], [ 67.081935629000156, 25.008183036000105 ], [ 67.083232235000139, 25.008294817000035 ], [ 67.087122016000194, 25.008630159000063 ], [ 67.087568077000071, 25.008664996000164 ], [ 67.092027763000146, 25.009013293000123 ], [ 67.092844891000084, 25.009077164000189 ], [ 67.094066861000101, 25.009217291000141 ], [ 67.096674098000051, 25.009516272000099 ], [ 67.097524523000175, 25.009613793000085 ], [ 67.098359353000149, 25.009733038999968 ], [ 67.100445634000039, 25.010031041000161 ], [ 67.101757332000034, 25.010314270000038 ], [ 67.103068643000086, 25.010597416 ], [ 67.10512193500017, 25.01106108800019 ], [ 67.106764641000154, 25.011432041000035 ], [ 67.108517364000136, 25.011670499000047 ], [ 67.109393426000167, 25.011789686999975 ], [ 67.110707619000095, 25.011968483000032 ], [ 67.111146266000048, 25.012028160999989 ], [ 67.111583257000063, 25.012067874000024 ], [ 67.113769263000108, 25.012266536000084 ], [ 67.115558139000143, 25.012455611 ], [ 67.117435516000171, 25.012654039000097 ], [ 67.119790134000084, 25.012802918999967 ], [ 67.120482513000127, 25.012799666000149 ], [ 67.119722876000026, 25.013450764000027 ], [ 67.118277891000105, 25.014689417999989 ], [ 67.117427228000167, 25.016700123000192 ], [ 67.117087970000171, 25.017502025000113 ], [ 67.116407553999977, 25.019110319000163 ], [ 67.113720408000063, 25.025461909000057 ], [ 67.113005262000058, 25.027152294000189 ], [ 67.111843303000114, 25.028488561000188 ], [ 67.10778257100003, 25.033158448000108 ], [ 67.104580544000044, 25.036840816000165 ], [ 67.103418520000162, 25.038177156000074 ], [ 67.102603676000058, 25.039758896000023 ], [ 67.095677101000092, 25.053204472000175 ], [ 67.095269640000026, 25.053995418000056 ], [ 67.09451633000009, 25.055570505000105 ], [ 67.090796711000053, 25.063347811000028 ], [ 67.089996882000037, 25.065020162999986 ], [ 67.088886853000133, 25.06638247799998 ], [ 67.085338024000066, 25.070737878000102 ], [ 67.084412863000125, 25.071873309000182 ], [ 67.08139385200019, 25.075578477000136 ], [ 67.080005991, 25.077281769000024 ], [ 67.079451389000155, 25.077962420000119 ], [ 67.073567897000089, 25.08546893800002 ], [ 67.072500891000061, 25.08683029000008 ], [ 67.070700192, 25.086936197000057 ], [ 67.069265777000112, 25.087020561000088 ], [ 67.068426515999988, 25.087069922000182 ], [ 67.067234005000046, 25.08692084300003 ], [ 67.064591772000142, 25.086590529000034 ], [ 67.06278674400005, 25.086868179000078 ], [ 67.059608094999987, 25.087357121000025 ], [ 67.05836038100017, 25.087549045000117 ], [ 67.057112432, 25.088029053000014 ], [ 67.053610319000086, 25.089376099000106 ], [ 67.052128884000126, 25.089945914999987 ], [ 67.050147986000013, 25.091566668000098 ], [ 67.048903566000092, 25.092584841000019 ], [ 67.048384615000032, 25.093009441 ], [ 67.047833400000172, 25.093460441 ], [ 67.046856139000056, 25.094260028000178 ], [ 67.045623720000151, 25.094876242 ], [ 67.043980144000045, 25.09569803100004 ], [ 67.042244375000053, 25.095350855000106 ], [ 67.039186756000106, 25.094739292000042 ], [ 67.035703174000162, 25.094390995000083 ], [ 67.034393273000035, 25.094260028000178 ], [ 67.033086479000133, 25.094194684000115 ], [ 67.026590875000181, 25.093869883000139 ], [ 67.024806519000151, 25.09378065900006 ], [ 67.023031664000143, 25.094064638000191 ] ] ] } }
]
}
